1,1,8B305678CA11029549568A9AC051,1574256967797
1,1,8F824A887D0A647AD30658469026,1574256968812
1,1,8D8982DA0FAA7A81D65154E03662,1574256969814
1,1,8C146819E6F0E65929939A005068,1574256970816
1,1,8DE484139940763488BC3EBA1207,1574256971821
1,1,8DE48413587DE0BA732F28AADD2D,1574256972822
1,1,8DE48413587D40BD9F2F9818B12F,1574256973825
1,1,8DE484139940743388683C329F0F,1574256974827
1,1,8DE48413587BF0BF512FD38459B8,1574256975841
1,1,8DE4841399407333686C3C261DB3,1574256976843
1,1,8DE48413587B80C185302045A811,1574256977845
1,1,8DE48413587B74CFAD67C260B143,1574256978848
1,1,8DE48413587B64CFEF67CB3EC916,1574256979851
1,1,8DE48413587B54D02F67D43CA55A,1574256980853
1,1,8DE48413201CC3F1D72DA0C33D4C,1574256981854
1,1,8DE4841399407232E8703BB3BCA7,1574256983188
1,1,8DE4841399407132A8743CFBBD83,1574256984193
1,1,8DE48413587B14D173680085B509,1574256985194
1,1,8DE4841399407132A8783B4C37A7,1574256986199
1,1,8DE484135879E0C45930829562EB,1574256987202
1,1,8DE4841399407132887C3B317D8E,1574256988333
1,1,8DE484135879D4D275682386FA7C,1574256989334
1,1,8DE48413587984D3B5684EC21A33,1574256990336
1,1,8DE484135877F0C8293107260A01,1574256991338
1,1,8DE4841399406F31E884398B4E10,1574256992512
1,1,8DE484135877D0C8C9311D625FB8,1574256993513
1,1,8DE48413586F10D7F7332F2A2231,1574256994515
1,1,8DE48413201CC3F1D72DA0C33D4C,1574256995517
1,1,8DE48A6F203CE176CB7C60A6876E,1574256996519
1,1,8DE48A6F9940653A08B445D67A42,1574256997534
1,1,8DE48A6F5885D0B5B134366E97D7,1574256998545
1,1,8DE48A6F9940653A08B444298E4B,1574256999548
1,1,8DE48A6F99406539A8B44305211E,1574257000550
1,1,8DE48A6F203CE176CB7C60A6876E,1574257001552
1,1,8DE48A6F5883C0B95734999F06F5,1574257002582
1,1,8DE48A6F5883B4C7AD6C27FF6C62,1574257003584
1,1,8DE48A6F9940643948B442DC5F0F,1574257004711
1,1,8DE48A6F9940643948B442DC5F0F,1574257005713
1,1,8DE48A6F588320BB3B34CD84A9E3,1574257006715
1,1,8DE48A6F588314C9876C598E373A,1574257007716
1,1,8DE48A6F99406338E8B443AE1ABB,1574257008875
1,1,8DE48A6F588194CB056C82BCB791,1574257009877
1,1,8DE48A6F588140BE41351FDB4D93,1574257010879
1,1,8DE48A6F99406338A8B8436CB8E9,1574257012044
1,1,8DE48A6F588120BE893526885C29,1574257013046
1,1,8DE48A6F588114CCC96CB22DF8BA,1574257014048
1,1,8DE48A6F99406338A8B44324E2E9,1574257015222
1,1,8DE48A6F587FF4CD116CB9B4BF8F,1574257016224
1,1,8DE48A6F99406338A8B8416CA4F2,1574257017226
1,1,8DE48A6F587FD4CD7D6CC5417B6A,1574257018228
1,1,8DE48A6F587FC0C00B354F8288F4,1574257019230
1,1,8DE48A6F587F84CE8B6CE11AA739,1574257020402
1,1,8DE48A6F9940623868B840F0A6CA,1574257021403
1,1,8DE48A6F9940623868B440B8FCCA,1574257022405
1,1,8DE48A6F587F54CF3D6CF4183FF6,1574257023407
1,1,8DE48A6F9940623848B840B5DAE3,1574257024409
1,1,8DE48A6F587F30C1D3357F929B81,1574257025427
1,1,8DE48A6F9940623828B8407A5E98,1574257026558
1,1,8DE48A6F9940623828B83F875CD8,1574257027561
1,1,8DE48A6F587F14D0036D0938DFD9,1574257028562
1,1,8DE48A6F9940623828B43FCF06D8,1574257029567
1,1,8DE48A6F587DA4C1796D314B676B,1574257030569
1,1,8DE48A6F203CE176CB7C60A6876E,1574257031572
1,1,8DE48A6F587D80C40735BBA619E7,1574257032583
1,1,8DE48A6F587D70C44F35C3A94470,1574257033713
1,1,8DE48A6F99406137E8B440240B1D,1574257034715
1,1,8DE48A6F99406137E8B440240B1D,1574257035717
1,1,8DE48A6F99406137C8B040594134,1574257036718
1,1,8DE48A6F587D14D2DD6D5679BDC3,1574257037719
1,1,8DE48A6F587D00C56F35E1555E01,1574257038916
1,1,8DE48A6F587BE4D38F6D6937C8AE,1574257039917
1,1,8DE48A6F99406137A8B43F53F10F,1574257040919
1,1,8DE48A6F587BC0C62335F48396B3,1574257042092
1,1,8DE48A6F587BB4D4516D7DE91EF8,1574257043094
1,1,8DE48A6F9940613788B03F2EBB26,1574257044098
1,1,8DE48A6F587B94D4996D8583CD6B,1574257045313
1,1,8DE48A6F9940613768B03F0B3BF0,1574257046315
1,1,8DE48A6F203CE176CB7C60A6876E,1574257047317
1,1,8DE48A6F587B64D5496D980301F5,1574257048319
1,1,8DE48A6F9940603768B03F08313E,1574257049321
1,1,8DE48A6F9940603748B03EB2B91E,1574257050361
1,1,8DE48A6F587B40C7E53624888E68,1574257051362
1,1,8DE48A6F9940603748B03EB2B91E,1574257052548
1,1,8DE48A6F9940603748B03EB2B91E,1574257053550
1,1,8DE48A6F5879F4D6BB6DBF3DFC14,1574257054559
1,1,8DE48A6F99C0603728B03EECFA1A,1574257055561
1,1,8DE48A6F5879B0C9C736578F6C26,1574257056563
1,1,8DE48A6F587980CA8B366C8F2CBB,1574257057869
1,1,8DE48A6F99C05F36E8B03EE76C8C,1574257058871
1,1,8DE48A6F99C05F36C8B03D5DF8B7,1574257059873
1,1,8DE48A6F99C06036E8A83BC88389,1574257060875
1,1,8DE48A6F203CE176CB7C60A6876E,1574257061877
1,1,8DE48A6F587764DBC76E4898ACBB,1574257062880
1,1,8DE48A6F99C0613748B83C5004B4,1574257064023
1,1,8DE48A6F99C0613768BC3C2D4E9D,1574257065026
1,1,8DE48A6F5875F4DD396E6F7BAA49,1574257066028
1,1,8DE48A6F9940613788C03C73472F,1574257067029
1,1,8DE48A6F5875E4DD816E76A8FC88,1574257068032
1,1,8DE48A6F99406137A8B43AAC3D30,1574257069034
1,1,8DE48A6F99406137C8AC3AF30D4B,1574257070036
1,1,8DE48A6F99406137C8AC390CE559,1574257071038
1,1,8DE48A6F587584DEAD6E97912E01,1574257072040
1,1,8DE48A6F99406237E8A4393CEA22,1574257073041
1,1,8DE48A6F99406237E8AC394C8622,1574257074045
1,1,8DE48A6F587150D80D37DB8874CC,1574257075047
1,1,8DE48A6F203CE176CB7C60A6876E,1574257076180
1,1,8DE48A6F99406237C8AC3909FA0B,1574257077182
1,1,8DE48A6F587104E6A16F6F0D569F,1574257078184
1,1,8DE48A6F99406237C8AC3909FA0B,1574257079186
1,1,8DE48A6F586FE0D9893803CE0A20,1574257080187
1,1,8DE48A6F99406237C8AC3909FA0B,1574257081339
1,1,8DE48A6F99406137A8AC39C36122,1574257082341
1,1,8DE48A6F586F90DA85381E87E4F2,1574257083342
1,1,8DE48A6F9940613788AC39861D0B,1574257084344
1,1,8DE48A6F586F80DB03382BA4A53D,1574257085346
1,1,8DE485019940693348943E09BECB,1574257086351
1,1,8DE48501589370B58F3270E7F6CD,1574257087354
1,1,8DE485019940613328903D41E4A2,1574257088358
1,1,8DE485015881F0B75D32A5829E65,1574257089360
1,1,8DE485015881B0B84532C07DA93A,1574257090364
1,1,8DE485019940613308943B3C8AA6,1574257091366
1,1,8DE4850199406132E8903CF51107,1574257092369
1,1,8DE4850199406132C8903B4FBD0A,1574257093373
1,1,8DE48501588110BA7533015CDD45,1574257094376
1,1,8DE48501588104C8BB6A95307F35,1574257095378
1,1,8DE4850199406132C8903B4FBD0A,1574257096382
1,1,8DE48501587FF0BB193314804379,1574257097384
1,1,8DE4850199406132A8903A7FCD78,1574257098388
1,1,8DE4850199406132A8903A7FCD78,1574257099397
1,1,8DE48501587F90BC61333A8DAC12,1574257100402
1,1,8DE48501201CF332C78C20347B3D,1574257101404
1,1,8DE48501587F84CA9F6ACD2B69D5,1574257102538
1,1,8DE485019940613288903BC54558,1574257103540
1,1,8DE48501587F00BE8D337AEF99E7,1574257104542
1,1,8DE485019940603268903A1C3B49,1574257105699
1,1,8DE48501587DE4CCC16B0C85AFB7,1574257106701
1,1,8DE48501587DD4CD016B149FCB8F,1574257107702
1,1,8DE4850199406032489039A6AF72,1574257108704
1,1,8FE491A199143239C8AC40D72787,1574257109706
1,1,8FE491A15887A4C2C166E4D98871,1574257112884
1,1,8DE48413587D40BD9F2F9818B12F,1574257112978
1,1,8DE48413587B54D02F67D43CA55A,1574257113076
1,1,8DE48A6F203CE176CB7C60A6876E,1574257113093
1,1,8DE48413587BF0BF512FD38459B8,1574257113285
1,1,8DE48A6F5883B4C7AD6C27FF6C62,1574257113727
1,1,8FE491A199143339A8AC401BA932,1574257113885
1,1,8DE484139940743388683C329F0F,1574257113978
1,1,8DE48413201CC3F1D72DA0C33D4C,1574257114077
1,1,8DE48A6F9940653A08B445D67A42,1574257114095
1,1,8B305678CA11029549568A9AC051,1574257114250
1,1,8DE4841399407333686C3C261DB3,1574257114286
1,1,8DE48A6F9940643948B442DC5F0F,1574257114883
1,1,8FE491A1588770B57D2F3E63655F,1574257114888
1,1,8DE48413587BF0BF512FD38459B8,1574257114980
1,1,8DE48A6F5885D0B5B134366E97D7,1574257115096
1,1,8F824A887D0A647AD30658469026,1574257115257
1,1,8DE48413587B80C185302045A811,1574257115287
1,1,8DE48A6F9940643948B442DC5F0F,1574257115885
1,1,8FE491A199143339A8AC401BA932,1574257115896
1,1,8DE4841399407333686C3C261DB3,1574257115982
1,1,8DE48A6F9940653A08B444298E4B,1574257116097
1,1,8D8982DA0FAA7A81D65154E03662,1574257116262
1,1,8DE48413587B74CFAD67C260B143,1574257116292
1,1,8DE48A6F588320BB3B34CD84A9E3,1574257116887
1,1,8FE491A199143339A8AC401BA932,1574257116900
1,1,8DE48413587B80C185302045A811,1574257116984
1,1,8DE48A6F99406539A8B44305211E,1574257117106
1,1,8C146819E6F0E65929939A005068,1574257117266
1,1,8DE48413587B64CFEF67CB3EC916,1574257117295
1,1,8DE48A6F588314C9876C598E373A,1574257117889
1,1,8FE491A19914333988AC3FA3D75B,1574257117904
1,1,8DE48413587B74CFAD67C260B143,1574257117986
1,1,8DE48A6F203CE176CB7C60A6876E,1574257118108
1,1,8DE484139940763488BC3EBA1207,1574257118268
1,1,8DE48413587B54D02F67D43CA55A,1574257118296
1,1,8FE491A1588720B68D2F2FEAADDD,1574257118907
1,1,8DE48413587B64CFEF67CB3EC916,1574257118986
1,1,8DE48A6F5883C0B95734999F06F5,1574257119109
1,1,8DE48413587DE0BA732F28AADD2D,1574257119269
1,1,8DE48413201CC3F1D72DA0C33D4C,1574257119298
1,1,8DE48A6F99406338E8B443AE1ABB,1574257119324
1,1,8B305678CA11029549568A9AC051,1574257119442
1,1,8FE491A19914333988AC3FA3D75B,1574257119908
1,1,8DE48413587B54D02F67D43CA55A,1574257119989
1,1,8DE48A6F5883B4C7AD6C27FF6C62,1574257120112
1,1,8DE48413587D40BD9F2F9818B12F,1574257120270
1,1,8DE48A6F588194CB056C82BCB791,1574257120325
1,1,8F824A887D0A647AD30658469026,1574257120445
1,1,8FE491A19914333988B03F0B555B,1574257120910
1,1,8DE48413201CC3F1D72DA0C33D4C,1574257120991
1,1,8DE484139940743388683C329F0F,1574257121272
1,1,8DE48A6F9940643948B442DC5F0F,1574257121290
1,1,8DE48A6F588140BE41351FDB4D93,1574257121326
1,1,8D8982DA0FAA7A81D65154E03662,1574257121446
1,1,8DE491A1588530B97D2F07F5C2D2,1574257121913
1,1,8DE4841399407232E8703BB3BCA7,1574257122139
1,1,8DE48413587BF0BF512FD38459B8,1574257122273
1,1,8DE48A6F9940643948B442DC5F0F,1574257122291
1,1,8C146819E6F0E65929939A005068,1574257122447
1,1,8DE48A6F99406338A8B8436CB8E9,1574257122507
1,1,8DE491A15883A4C8D366918E7C49,1574257122916
1,1,8DE4841399407132A8743CFBBD83,1574257123140
1,1,8DE4841399407333686C3C261DB3,1574257123282
1,1,8DE48A6F588320BB3B34CD84A9E3,1574257123293
1,1,8DE484139940763488BC3EBA1207,1574257123448
1,1,8DE48A6F588120BE893526885C29,1574257123508
1,1,8DE491A19914333968B84013593D,1574257123921
1,1,8DE48413587B14D173680085B509,1574257124141
1,1,8DE48413587B80C185302045A811,1574257124284
1,1,8DE48A6F588314C9876C598E373A,1574257124295
1,1,8DE48413587DE0BA732F28AADD2D,1574257124449
1,1,8DE48A6F588114CCC96CB22DF8BA,1574257124511
1,1,8DE491A19914303908B43B6CA262,1574257124924
1,1,8DE4841399407132A8783B4C37A7,1574257125142
1,1,8DE48413587B74CFAD67C260B143,1574257125285
1,1,8B305678CA11029549568A9AC051,1574257125415
1,1,8DE48A6F99406338E8B443AE1ABB,1574257125437
1,1,8DE48413587D40BD9F2F9818B12F,1574257125450
1,1,8DE48A6F99406338A8B44324E2E9,1574257125679
1,1,8DE491A1587D70C5432E6B57E030,1574257125927
1,1,8DE484135879E0C45930829562EB,1574257126145
1,1,8F824A887D0A647AD30658469026,1574257126417
1,1,8DE48A6F588194CB056C82BCB791,1574257126439
1,1,8DE484139940743388683C329F0F,1574257126453
1,1,8DE48A6F587FF4CD116CB9B4BF8F,1574257126680
1,1,8DE491A19914303928B43B29DE4B,1574257126929
1,1,8DE4841399407132887C3B317D8E,1574257127316
1,1,8D8982DA0FAA7A81D65154E03662,1574257127419
1,1,8DE48A6F588140BE41351FDB4D93,1574257127444
1,1,8DE48413587BF0BF512FD38459B8,1574257127461
1,1,8DE48A6F99406338A8B8416CA4F2,1574257127681
1,1,8DE491A1587D54D3776604233BBE,1574257127942
1,1,8DE484135879D4D275682386FA7C,1574257128319
1,1,8C146819E6F0E65929939A005068,1574257128421
1,1,8DE4841399407333686C3C261DB3,1574257128464
1,1,8DE48A6F99406338A8B8436CB8E9,1574257128584
1,1,8DE48A6F587FD4CD7D6CC5417B6A,1574257128682
1,1,8DE491A19914313928B43B2AD485,1574257128944
1,1,8DE48413587984D3B5684EC21A33,1574257129321
1,1,8DE484139940763488BC3EBA1207,1574257129422
1,1,8DE48413587B80C185302045A811,1574257129467
1,1,8DE48A6F588120BE893526885C29,1574257129585
1,1,8DE48A6F587FC0C00B354F8288F4,1574257129683
1,1,8DE491A120501373E39C603B0D55,1574257129946
1,1,8DE484135877F0C8293107260A01,1574257130322
1,1,8DE48413587DE0BA732F28AADD2D,1574257130424
1,1,8DE48413587B74CFAD67C260B143,1574257130469
1,1,8DE48A6F588114CCC96CB22DF8BA,1574257130588
1,1,8B305678CA11029549568A9AC051,1574257130776
1,1,8DE48A6F587F84CE8B6CE11AA739,1574257130893
1,1,8DE491A1587D44D3C9660023C872,1574257131093
1,1,8DE48413587D40BD9F2F9818B12F,1574257131426
1,1,8DE4841399406F31E884398B4E10,1574257131455
1,1,8DE48A6F99406338A8B44324E2E9,1574257131749
1,1,8F824A887D0A647AD30658469026,1574257131778
1,1,8DE48A6F9940623868B840F0A6CA,1574257131894
1,1,8DE491A19914313948B83A52FEF7,1574257132094
1,1,8DE484139940743388683C329F0F,1574257132428
1,1,8DE484135877D0C8C9311D625FB8,1574257132462
1,1,8DE48A6F587FF4CD116CB9B4BF8F,1574257132749
1,1,8D8982DA0FAA7A81D65154E03662,1574257132780
1,1,8DE48A6F9940623868B440B8FCCA,1574257132896
1,1,8DE491A1587D24D42965FB9E7A6B,1574257133096
1,1,8DE48413587BF0BF512FD38459B8,1574257133430
1,1,8DE48413586F10D7F7332F2A2231,1574257133465
1,1,8DE48A6F99406338A8B8416CA4F2,1574257133750
1,1,8C146819E6F0E65929939A005068,1574257133781
1,1,8DE48A6F587F54CF3D6CF4183FF6,1574257133897
1,1,8DE491A19914313968B83A1782DE,1574257134097
1,1,8DE4841399407333686C3C261DB3,1574257134431
1,1,8DE48413201CC3F1D72DA0C33D4C,1574257134466
1,1,8DE48A6F587FD4CD7D6CC5417B6A,1574257134752
1,1,8DE484139940763488BC3EBA1207,1574257134784
1,1,8DE48A6F9940623848B840B5DAE3,1574257134898
1,1,8DE491A1587994D90165BA6DD3DE,1574257135098
1,1,8DE48413587B80C185302045A811,1574257135432
1,1,8DE48A6F203CE176CB7C60A6876E,1574257135467
1,1,8DE48A6F587FC0C00B354F8288F4,1574257135755
1,1,8DE48413587DE0BA732F28AADD2D,1574257135787
1,1,8DE48A6F587F30C1D3357F929B81,1574257135900
1,1,8DE491A199143239E8C03A2AE13A,1574257136100
1,1,8DE48413587B74CFAD67C260B143,1574257136434
1,1,8DE48A6F9940653A08B445D67A42,1574257136469
1,1,8B305678CA11029549568A9AC051,1574257136592
1,1,8DE48413587D40BD9F2F9818B12F,1574257136789
1,1,8DE48A6F587F84CE8B6CE11AA739,1574257136930
1,1,8DE48A6F9940623828B8407A5E98,1574257137075
1,1,8DE491A1587974D96365B59F2626,1574257137101
1,1,8DE48A6F5885D0B5B134366E97D7,1574257137473
1,1,8F824A887D0A647AD30658469026,1574257137596
1,1,8DE484139940743388683C329F0F,1574257137795
1,1,8DE48A6F9940623868B840F0A6CA,1574257137931
1,1,8DE48A6F9940623828B83F875CD8,1574257138076
1,1,8DE491A1587950CC272E1093C561,1574257138105
1,1,8DE48A6F9940653A08B444298E4B,1574257138477
1,1,8D8982DA0FAA7A81D65154E03662,1574257138598
1,1,8DE48413587BF0BF512FD38459B8,1574257138796
1,1,8DE48A6F9940623868B440B8FCCA,1574257138933
1,1,8DE48A6F587F14D0036D0938DFD9,1574257139078
1,1,8DE491A199143239E8BC3AC0AF21,1574257139307
1,1,8DE48A6F99406539A8B44305211E,1574257139479
1,1,8C146819E6F0E65929939A005068,1574257139600
1,1,8DE4841399407333686C3C261DB3,1574257139800
1,1,8DE48A6F587F54CF3D6CF4183FF6,1574257139934
1,1,8DE48A6F9940623828B43FCF06D8,1574257140082
1,1,8DE491A199143239E8BC3CC08B0C,1574257140310
1,1,8DE48A6F203CE176CB7C60A6876E,1574257140480
1,1,8DE484139940763488BC3EBA1207,1574257140602
1,1,8DE48413587B80C185302045A811,1574257140801
1,1,8DE48A6F9940623848B840B5DAE3,1574257140935
1,1,8DE48A6F587DA4C1796D314B676B,1574257141085
1,1,8DE491A1587910CC472E0D61AE11,1574257141313
1,1,8DE48A6F5883C0B95734999F06F5,1574257141480
1,1,8DE48413587DE0BA732F28AADD2D,1574257141603
1,1,8DE48413587B74CFAD67C260B143,1574257141803
1,1,8DE48A6F587F30C1D3357F929B81,1574257141937
1,1,8B305678CA11029549568A9AC051,1574257141969
1,1,8DE48A6F203CE176CB7C60A6876E,1574257142087
1,1,8DE491A199143239E8BC3B3F5B28,1574257142317
1,1,8DE48A6F5883B4C7AD6C27FF6C62,1574257142483
1,1,8DE48413587D40BD9F2F9818B12F,1574257142605
1,1,8F824A887D0A647AD30658469026,1574257142972
1,1,8DE48A6F587D80C40735BBA619E7,1574257143091
1,1,8DE48A6F9940623828B8407A5E98,1574257143120
1,1,8DE491A15877F0CCCF2E06ABC140,1574257143324
1,1,8DE484139940743388683C329F0F,1574257143606
1,1,8DE48A6F9940643948B442DC5F0F,1574257143649
1,1,8D8982DA0FAA7A81D65154E03662,1574257143975
1,1,8DE48A6F9940623828B83F875CD8,1574257144127
1,1,8DE48A6F587D70C44F35C3A94470,1574257144258
1,1,8DE491A199143239E8BC3B3F5B28,1574257144328
1,1,8DE48413587BF0BF512FD38459B8,1574257144608
1,1,8DE48A6F9940643948B442DC5F0F,1574257144652
1,1,8C146819E6F0E65929939A005068,1574257144979
1,1,8DE48A6F587F14D0036D0938DFD9,1574257145129
1,1,8DE48A6F99406137E8B440240B1D,1574257145260
1,1,8DE491A120501373E39C603B0D55,1574257145330
1,1,8DE4841399407333686C3C261DB3,1574257145610
1,1,8DE48A6F588320BB3B34CD84A9E3,1574257145654
1,1,8DE484139940763488BC3EBA1207,1574257145980
1,1,8DE48A6F9940623828B43FCF06D8,1574257146131
1,1,8DE48A6F99406137E8B440240B1D,1574257146262
1,1,8DE491A15877D0CD472E0065E75B,1574257146344
1,1,8DE48413587B80C185302045A811,1574257146612
1,1,8DE48A6F588314C9876C598E373A,1574257146655
1,1,8DE48413587DE0BA732F28AADD2D,1574257146981
1,1,8DE48A6F587DA4C1796D314B676B,1574257147132
1,1,8DE48A6F99406137C8B040594134,1574257147265
1,1,8DE491A199143239E8BC3B3F5B28,1574257147348
1,1,8DE48413587B74CFAD67C260B143,1574257147614
1,1,8B305678CA11029549568A9AC051,1574257147753
1,1,8DE48A6F99406338E8B443AE1ABB,1574257147845
1,1,8DE48413587D40BD9F2F9818B12F,1574257147983
1,1,8DE48A6F203CE176CB7C60A6876E,1574257148133
1,1,8DE48A6F587D14D2DD6D5679BDC3,1574257148266
1,1,8DE491A199143239C8BC3B7A2701,1574257148351
1,1,8F824A887D0A647AD30658469026,1574257148756
1,1,8DE48A6F588194CB056C82BCB791,1574257148846
1,1,8DE484139940743388683C329F0F,1574257148985
1,1,8DE48A6F587D80C40735BBA619E7,1574257149134
1,1,8DE491A15877A4DB8F659955821A,1574257149353
1,1,8DE48A6F587D00C56F35E1555E01,1574257149467
1,1,8D8982DA0FAA7A81D65154E03662,1574257149759
1,1,8DE48A6F588140BE41351FDB4D93,1574257149848
1,1,8DE48413587BF0BF512FD38459B8,1574257149987
1,1,8DE48A6F587D70C44F35C3A94470,1574257150254
1,1,8DE48A6F587BE4D38F6D6937C8AE,1574257150470
1,1,8DE491A199143239C8B83ABDE508,1574257150490
1,1,8C146819E6F0E65929939A005068,1574257150760
1,1,8DE4841399407333686C3C261DB3,1574257150990
1,1,8DE48A6F99406338A8B8436CB8E9,1574257151023
1,1,8DE48A6F99406137E8B440240B1D,1574257151256
1,1,8DE48A6F99406137A8B43F53F10F,1574257151473
1,1,8DE491A1587750CF0D2DE95FAAD9,1574257151496
1,1,8DE484139940763488BC3EBA1207,1574257151762
1,1,8DE48413587B80C185302045A811,1574257151995
1,1,8DE48A6F588120BE893526885C29,1574257152027
1,1,8DE48A6F99406137E8B440240B1D,1574257152257
1,1,8DE491A199143239C8B839420D1A,1574257152498
1,1,8DE48A6F587BC0C62335F48396B3,1574257152620
1,1,8DE48413587DE0BA732F28AADD2D,1574257152767
1,1,8DE48413587B74CFAD67C260B143,1574257152997
1,1,8DE48A6F588114CCC96CB22DF8BA,1574257153029
1,1,8B305678CA11029549568A9AC051,1574257153117
1,1,8DE48A6F99406137C8B040594134,1574257153258
1,1,8DE491A1587730CF712DE448CFAD,1574257153500
1,1,8DE48A6F587BB4D4516D7DE91EF8,1574257153621
1,1,8DE48413587D40BD9F2F9818B12F,1574257153769
1,1,8F824A887D0A647AD30658469026,1574257154120
1,1,8DE48A6F587D14D2DD6D5679BDC3,1574257154263
1,1,8DE48A6F99406338A8B44324E2E9,1574257154273
1,1,8DE491A199143139A8A438DFE03A,1574257154501
1,1,8DE48A6F9940613788B03F2EBB26,1574257154623
1,1,8DE484139940743388683C329F0F,1574257154770
1,1,8D8982DA0FAA7A81D65154E03662,1574257155121
1,1,8DE48A6F587FF4CD116CB9B4BF8F,1574257155277
1,1,8DE48A6F587D00C56F35E1555E01,1574257155385
1,1,8DE491A15875E4DE31657533EAF8,1574257155503
1,1,8DE48413587BF0BF512FD38459B8,1574257155771
1,1,8DE48A6F587B94D4996D8583CD6B,1574257155784
1,1,8C146819E6F0E65929939A005068,1574257156127
1,1,8DE48A6F99406338A8B8416CA4F2,1574257156281
1,1,8DE48A6F587BE4D38F6D6937C8AE,1574257156389
1,1,8DE491A15875C4DE936571E65B08,1574257156652
1,1,8DE4841399407333686C3C261DB3,1574257156773
1,1,8DE48A6F9940613768B03F0B3BF0,1574257156788
1,1,8DE484139940763488BC3EBA1207,1574257157129
1,1,8DE48A6F587FD4CD7D6CC5417B6A,1574257157282
1,1,8DE48A6F99406137A8B43F53F10F,1574257157389
1,1,8DE491A15875A0D1552DCB7CDCEC,1574257157653
1,1,8DE48413587B80C185302045A811,1574257157774
1,1,8DE48A6F203CE176CB7C60A6876E,1574257157789
1,1,8DE48413587DE0BA732F28AADD2D,1574257158130
1,1,8DE48A6F587FC0C00B354F8288F4,1574257158284
1,1,8DE48A6F587BC0C62335F48396B3,1574257158540
1,1,8DE491A1587594DF3B656801070A,1574257158654
1,1,8DE48413587B74CFAD67C260B143,1574257158776
1,1,8DE48A6F587B64D5496D980301F5,1574257158790
1,1,8B305678CA11029549568A9AC051,1574257158972
1,1,8DE48413587D40BD9F2F9818B12F,1574257159131
1,1,8DE48A6F587F84CE8B6CE11AA739,1574257159463
1,1,8DE48A6F587BB4D4516D7DE91EF8,1574257159541
1,1,8DE491A19914313988B037BDD25B,1574257159660
1,1,8DE48A6F9940603768B03F08313E,1574257159792
1,1,8F824A887D0A647AD30658469026,1574257159973
1,1,8DE484139940743388683C329F0F,1574257160133
1,1,8DE48A6F9940623868B840F0A6CA,1574257160464
1,1,8DE48A6F9940613788B03F2EBB26,1574257160542
1,1,8DE48A6F9940603748B03EB2B91E,1574257160795
1,1,8DE491A1587570D2112DC1359251,1574257160852
1,1,8D8982DA0FAA7A81D65154E03662,1574257160975
1,1,8DE48413587BF0BF512FD38459B8,1574257161137
1,1,8DE48A6F9940623868B440B8FCCA,1574257161465
1,1,8DE48A6F587B94D4996D8583CD6B,1574257161681
1,1,8DE48A6F587B40C7E53624888E68,1574257161797
1,1,8DE491A19914313968B837E83E8D,1574257161855
1,1,8C146819E6F0E65929939A005068,1574257161978
1,1,8DE4841399407333686C3C261DB3,1574257162139
1,1,8DE48A6F587F54CF3D6CF4183FF6,1574257162466
1,1,8DE48A6F9940613768B03F0B3BF0,1574257162682
1,1,8DE491A1587544E06F65595BF018,1574257162858
1,1,8DE484139940763488BC3EBA1207,1574257162980
1,1,8DE48A6F9940603748B03EB2B91E,1574257163017
1,1,8DE48413587B80C185302045A811,1574257163142
1,1,8DE48A6F9940623848B840B5DAE3,1574257163468
1,1,8DE48A6F203CE176CB7C60A6876E,1574257163685
1,1,8DE48413587DE0BA732F28AADD2D,1574257163982
1,1,8DE48A6F9940603748B03EB2B91E,1574257164019
1,1,8DE491A19914313968B4365F9084,1574257164027
1,1,8DE48413587B74CFAD67C260B143,1574257164144
1,1,8B305678CA11029549568A9AC051,1574257164306
1,1,8DE48A6F587F30C1D3357F929B81,1574257164469
1,1,8DE48A6F587B64D5496D980301F5,1574257164686
1,1,8DE48413587D40BD9F2F9818B12F,1574257164986
1,1,8DE48A6F5879F4D6BB6DBF3DFC14,1574257165020
1,1,8DE491A1587520D34B2DB1CC64A2,1574257165031
1,1,8F824A887D0A647AD30658469026,1574257165307
1,1,8DE48A6F9940623828B8407A5E98,1574257165627
1,1,8DE48A6F9940603768B03F08313E,1574257165687
1,1,8DE484139940743388683C329F0F,1574257165988
1,1,8DE48A6F99C0603728B03EECFA1A,1574257166021
1,1,8DE491A19914313968B03667A684,1574257166033
1,1,8D8982DA0FAA7A81D65154E03662,1574257166308
1,1,8DE48A6F9940623828B83F875CD8,1574257166629
1,1,8DE48A6F9940603748B03EB2B91E,1574257166689
1,1,8DE48413587BF0BF512FD38459B8,1574257166989
1,1,8DE48A6F5879B0C9C736578F6C26,1574257167024
1,1,8DE491A1587504E127654F562064,1574257167037
1,1,8C146819E6F0E65929939A005068,1574257167310
1,1,8DE48A6F587F14D0036D0938DFD9,1574257167629
1,1,8DE48A6F587B40C7E53624888E68,1574257167691
1,1,8DE4841399407333686C3C261DB3,1574257167993
1,1,8DE48A6F587980CA8B366C8F2CBB,1574257168229
1,1,8DE484139940763488BC3EBA1207,1574257168311
1,1,8DE491A15873F0D3F52DA8B5231B,1574257168398
1,1,8DE48A6F9940623828B43FCF06D8,1574257168632
1,1,8DE48A6F9940603748B03EB2B91E,1574257168833
1,1,8DE48413587B80C185302045A811,1574257168994
1,1,8DE48A6F99C05F36E8B03EE76C8C,1574257169229
1,1,8DE48413587DE0BA732F28AADD2D,1574257169312
1,1,8DE491A120501373E39C603B0D55,1574257169400
1,1,8DE48A6F587DA4C1796D314B676B,1574257169633
1,1,8DE48A6F9940603748B03EB2B91E,1574257169835
1,1,8DE48413587B74CFAD67C260B143,1574257169997
1,1,8B305678CA11029549568A9AC051,1574257170153
1,1,8DE48A6F99C05F36C8B03D5DF8B7,1574257170231
1,1,8DE48413587D40BD9F2F9818B12F,1574257170314
1,1,8DE491A15873D4E1E7654580F4F2,1574257170402
1,1,8DE48A6F203CE176CB7C60A6876E,1574257170635
1,1,8DE48A6F5879F4D6BB6DBF3DFC14,1574257170837
1,1,8F824A887D0A647AD30658469026,1574257171157
1,1,8DE48A6F99C06036E8A83BC88389,1574257171232
1,1,8DE484139940743388683C329F0F,1574257171316
1,1,8DE491A15873B0D4CF2D9E4855D4,1574257171404
1,1,8DE48A6F587D80C40735BBA619E7,1574257171636
1,1,8DE48A6F99C0603728B03EECFA1A,1574257171839
1,1,8D8982DA0FAA7A81D65154E03662,1574257172159
1,1,8DE48A6F203CE176CB7C60A6876E,1574257172233
1,1,8DE48413587BF0BF512FD38459B8,1574257172318
1,1,8DE491A199143139289C3764B4D6,1574257172406
1,1,8DE48A6F587D70C44F35C3A94470,1574257172761
1,1,8DE48A6F5879B0C9C736578F6C26,1574257172840
1,1,8C146819E6F0E65929939A005068,1574257173161
1,1,8DE48A6F587764DBC76E4898ACBB,1574257173234
1,1,8DE4841399407333686C3C261DB3,1574257173320
1,1,8DE491A1587394E255653F551AEE,1574257173578
1,1,8DE48A6F99406137E8B440240B1D,1574257173762
1,1,8DE48A6F587980CA8B366C8F2CBB,1574257174002
1,1,8DE484139940763488BC3EBA1207,1574257174162
1,1,8DE48413587B80C185302045A811,1574257174325
1,1,8DE48A6F99C0613748B83C5004B4,1574257174351
1,1,8DE491A199143139289C3964E097,1574257174579
1,1,8DE48A6F99406137E8B440240B1D,1574257174763
1,1,8DE48A6F99C05F36E8B03EE76C8C,1574257175007
1,1,8DE48413587DE0BA732F28AADD2D,1574257175167
1,1,8DE48413587B74CFAD67C260B143,1574257175330
1,1,8DE48A6F99C0613768BC3C2D4E9D,1574257175352
1,1,8B305678CA11029549568A9AC051,1574257175514
1,1,8D93D87078BA243956FA5D7263BA,1574257175583
1,1,8DE48A6F99406137C8B040594134,1574257175765
1,1,8DE48A6F99C05F36C8B03D5DF8B7,1574257176007
1,1,8DE48413587D40BD9F2F9818B12F,1574257176170
1,1,8DE48A6F5875F4DD396E6F7BAA49,1574257176355
1,1,8F824A887D0A647AD30658469026,1574257176516
1,1,8DE48A6F5883707BCF37E15401FB,1574257176589
1,1,8DE48A6F587D14D2DD6D5679BDC3,1574257176766
1,1,8DE48A6F99C06036E8A83BC88389,1574257177009
1,1,8DE484139940743388683C329F0F,1574257177171
1,1,8DE48A6F9940613788C03C73472F,1574257177356
1,1,8D8982DA0FAA7A81D65154E03662,1574257177518
1,1,8DE48A6F9944BDB1003C3CAAB443,1574257177591
1,1,8DE48A6F587D00C56F35E1555E01,1574257177920
1,1,8DE48A6F203CE176CB7C60A6876E,1574257178010
1,1,8DE48413587BF0BF512FD38459B8,1574257178173
1,1,8DE48A6F5875E4DD816E76A8FC88,1574257178357
1,1,8C146819E6F0E65929939A005068,1574257178520
1,1,8DE48A6F9944BDB120403C058671,1574257178594
1,1,8DE48A6F587BE4D38F6D6937C8AE,1574257178921
1,1,8DE48A6F587764DBC76E4898ACBB,1574257179011
1,1,8DE4841399407333686C3C261DB3,1574257179177
1,1,8DE48A6F99406137A8B43AAC3D30,1574257179362
1,1,8DE484139940763488BC3EBA1207,1574257179521
1,1,8DE49246587194A36770E92A9344,1574257179596
1,1,8DE48A6F99406137A8B43F53F10F,1574257179923
1,1,8DE48A6F99C0613748B83C5004B4,1574257180175
1,1,8DE48413587B80C185302045A811,1574257180180
1,1,8DE48A6F99406137C8AC3AF30D4B,1574257180363
1,1,8DE48413587DE0BA732F28AADD2D,1574257180525
1,1,8DE48A6F587BC0C62335F48396B3,1574257181107
1,1,8DE48A6F99C0613768BC3C2D4E9D,1574257181178
1,1,8DE48413587B74CFAD67C260B143,1574257181181
1,1,8B305678CA11029549568A9AC051,1574257181319
1,1,8DE48A6F99406137C8AC390CE559,1574257181365
1,1,8DE48413587D40BD9F2F9818B12F,1574257181526
1,1,8DE48A6F587BB4D4516D7DE91EF8,1574257182108
1,1,8DE48A6F5875F4DD396E6F7BAA49,1574257182180
1,1,8F824A887D0A647AD30658469026,1574257182322
1,1,8DE48A6F587584DEAD6E97912E01,1574257182366
1,1,8DE484139940743388683C329F0F,1574257182529
1,1,8DE48A6F9940613788B03F2EBB26,1574257183109
1,1,8DE48A6F9940613788C03C73472F,1574257183182
1,1,8D8982DA0FAA7A81D65154E03662,1574257183323
1,1,8DE48A6F99406237E8A4393CEA22,1574257183367
1,1,8DE48413587BF0BF512FD38459B8,1574257183531
1,1,8DE48A6F5875E4DD816E76A8FC88,1574257184184
1,1,8DE48A6F587B94D4996D8583CD6B,1574257184270
1,1,8C146819E6F0E65929939A005068,1574257184326
1,1,8DE48A6F99406237E8AC394C8622,1574257184368
1,1,8DE4841399407333686C3C261DB3,1574257184533
1,1,8DE48A6F99406137A8B43AAC3D30,1574257185186
1,1,8DE48A6F9940613768B03F0B3BF0,1574257185271
1,1,8DE484139940763488BC3EBA1207,1574257185329
1,1,8DE48A6F587150D80D37DB8874CC,1574257185370
1,1,8DE48413587B80C185302045A811,1574257185535
1,1,8DE48A6F99406137C8AC3AF30D4B,1574257186187
1,1,8DE48A6F203CE176CB7C60A6876E,1574257186272
1,1,8DE48413587DE0BA732F28AADD2D,1574257186331
1,1,8DE48413587B74CFAD67C260B143,1574257186535
1,1,8DE48A6F203CE176CB7C60A6876E,1574257186542
1,1,8B305678CA11029549568A9AC051,1574257186654
1,1,8DE48A6F99406137C8AC390CE559,1574257187188
1,1,8DE48A6F587B64D5496D980301F5,1574257187276
1,1,8DE48413587D40BD9F2F9818B12F,1574257187332
1,1,8DE48A6F99406237C8AC3909FA0B,1574257187544
1,1,8F824A887D0A647AD30658469026,1574257187657
1,1,8DE48A6F587584DEAD6E97912E01,1574257188190
1,1,8DE48A6F9940603768B03F08313E,1574257188277
1,1,8DE484139940743388683C329F0F,1574257188334
1,1,8DE48A6F587104E6A16F6F0D569F,1574257188544
1,1,8D8982DA0FAA7A81D65154E03662,1574257188658
1,1,8DE48A6F99406237E8A4393CEA22,1574257189190
1,1,8DE48A6F9940603748B03EB2B91E,1574257189279
1,1,8DE48413587BF0BF512FD38459B8,1574257189336
1,1,8DE48A6F99406237C8AC3909FA0B,1574257189546
1,1,8C146819E6F0E65929939A005068,1574257189659
1,1,8DE48A6F99406237E8AC394C8622,1574257190191
1,1,8DE48A6F587B40C7E53624888E68,1574257190281
1,1,8DE4841399407333686C3C261DB3,1574257190339
1,1,8DE48A6F586FE0D9893803CE0A20,1574257190547
1,1,8DE484139940763488BC3EBA1207,1574257190661
1,1,8DE48A6F587150D80D37DB8874CC,1574257191193
1,1,8DE48413587B80C185302045A811,1574257191342
1,1,8DE48413587DE0BA732F28AADD2D,1574257191663
1,1,8DE48A6F99406237C8AC3909FA0B,1574257191678
1,1,8DE48413587B74CFAD67C260B143,1574257192343
1,1,8DE48A6F203CE176CB7C60A6876E,1574257192369
1,1,8B305678CA11029549568A9AC051,1574257192477
1,1,8DE48413587D40BD9F2F9818B12F,1574257192664
1,1,8DE48A6F99406137A8AC39C36122,1574257192680
1,1,8DE48A6F99406237C8AC3909FA0B,1574257193373
1,1,8F824A887D0A647AD30658469026,1574257193483
1,1,8DE484139940743388683C329F0F,1574257193666
1,1,8DE48A6F586F90DA85381E87E4F2,1574257193683
1,1,8DE48A6F587104E6A16F6F0D569F,1574257194375
1,1,8D8982DA0FAA7A81D65154E03662,1574257194484
1,1,8DE48413587BF0BF512FD38459B8,1574257194668
1,1,8DE48A6F9940613788AC39861D0B,1574257194686
1,1,8DE48A6F99406237C8AC3909FA0B,1574257195376
1,1,8C146819E6F0E65929939A005068,1574257195485
1,1,8DE4841399407333686C3C261DB3,1574257195669
1,1,8DE48A6F586F80DB03382BA4A53D,1574257195687
1,1,8DE48A6F586FE0D9893803CE0A20,1574257196378
1,1,8DE484139940763488BC3EBA1207,1574257196492
1,1,8DE48413587B80C185302045A811,1574257196670
1,1,8DE485019940693348943E09BECB,1574257196687
1,1,8DE48413587DE0BA732F28AADD2D,1574257197494
1,1,8DE48A6F99406237C8AC3909FA0B,1574257197568
1,1,8DE48413587B74CFAD67C260B143,1574257197672
1,1,8DE48501589370B58F3270E7F6CD,1574257197691
1,1,8B305678CA11029549568A9AC051,1574257197828
1,1,8DE48413587D40BD9F2F9818B12F,1574257198495
1,1,8DE48A6F99406137A8AC39C36122,1574257198571
1,1,8DE485019940613328903D41E4A2,1574257198693
1,1,8F824A887D0A647AD30658469026,1574257198831
1,1,8DE484139940743388683C329F0F,1574257199498
1,1,8DE48A6F586F90DA85381E87E4F2,1574257199572
1,1,8DE485015881F0B75D32A5829E65,1574257199695
1,1,8D8982DA0FAA7A81D65154E03662,1574257199835
1,1,8DE48413587BF0BF512FD38459B8,1574257200500
1,1,8DE48A6F9940613788AC39861D0B,1574257200574
1,1,8DE485015881B0B84532C07DA93A,1574257200696
1,1,8C146819E6F0E65929939A005068,1574257200838
1,1,8DE4841399407333686C3C261DB3,1574257201501
1,1,8DE48A6F586F80DB03382BA4A53D,1574257201575
1,1,8DE485019940613308943B3C8AA6,1574257201697
1,1,8DE484139940763488BC3EBA1207,1574257201840
1,1,8DE48413587B80C185302045A811,1574257202503
1,1,8DE485019940693348943E09BECB,1574257202576
1,1,8DE4850199406132E8903CF51107,1574257202698
1,1,8DE48413587DE0BA732F28AADD2D,1574257202841
1,1,8DE48413587B74CFAD67C260B143,1574257203505
1,1,8DE48501589370B58F3270E7F6CD,1574257203578
1,1,8B305678CA11029549568A9AC051,1574257203690
1,1,8DE4850199406132C8903B4FBD0A,1574257203699
1,1,8DE48413587D40BD9F2F9818B12F,1574257203842
1,1,8DE485019940613328903D41E4A2,1574257204579
1,1,8F824A887D0A647AD30658469026,1574257204691
1,1,8DE48501588110BA7533015CDD45,1574257204701
1,1,8DE484139940743388683C329F0F,1574257204844
1,1,8DE485015881F0B75D32A5829E65,1574257205580
1,1,8D8982DA0FAA7A81D65154E03662,1574257205693
1,1,8DE48501588104C8BB6A95307F35,1574257205705
1,1,8DE48413587BF0BF512FD38459B8,1574257205846
1,1,8DE485015881B0B84532C07DA93A,1574257206584
1,1,8C146819E6F0E65929939A005068,1574257206695
1,1,8DE4850199406132C8903B4FBD0A,1574257206707
1,1,8DE4841399407333686C3C261DB3,1574257206848
1,1,8DE485019940613308943B3C8AA6,1574257207585
1,1,8DE484139940763488BC3EBA1207,1574257207696
1,1,8DE48501587FF0BB193314804379,1574257207708
1,1,8DE48413587B80C185302045A811,1574257207850
1,1,8DE4850199406132E8903CF51107,1574257208589
1,1,8DE48413587DE0BA732F28AADD2D,1574257208699
1,1,8DE4850199406132A8903A7FCD78,1574257208709
1,1,8DE48413587B74CFAD67C260B143,1574257208855
1,1,8B305678CA11029549568A9AC051,1574257208988
1,1,8DE4850199406132C8903B4FBD0A,1574257209591
1,1,8DE48413587D40BD9F2F9818B12F,1574257209706
1,1,8DE4850199406132A8903A7FCD78,1574257209710
1,1,8F824A887D0A647AD30658469026,1574257209990
1,1,8DE48501588110BA7533015CDD45,1574257210594
1,1,8DE484139940743388683C329F0F,1574257210708
1,1,8DE48501587F90BC61333A8DAC12,1574257210711
1,1,8D8982DA0FAA7A81D65154E03662,1574257210993
1,1,8DE48501588104C8BB6A95307F35,1574257211597
1,1,8DE48413587BF0BF512FD38459B8,1574257211711
1,1,8DE48501201CF332C78C20347B3D,1574257211713
1,1,8C146819E6F0E65929939A005068,1574257211994
1,1,8DE4850199406132C8903B4FBD0A,1574257212598
1,1,8DE4841399407333686C3C261DB3,1574257212713
1,1,8DE48501587F84CA9F6ACD2B69D5,1574257212893
1,1,8DE484139940763488BC3EBA1207,1574257212996
1,1,8DE48501587FF0BB193314804379,1574257213600
1,1,8DE48413587B80C185302045A811,1574257213715
1,1,8DE485019940613288903BC54558,1574257213896
1,1,8DE48413587DE0BA732F28AADD2D,1574257213998
1,1,8DE4850199406132A8903A7FCD78,1574257214601
1,1,8DE48413587B74CFAD67C260B143,1574257214717
1,1,8B305678CA11029549568A9AC051,1574257214845
1,1,8DE48501587F00BE8D337AEF99E7,1574257214898
1,1,8DE48413587D40BD9F2F9818B12F,1574257214998
1,1,8DE48A6F9940603748B03EB2B91E,1574257215027
1,1,8DE4850199406132A8903A7FCD78,1574257215603
1,1,8F824A887D0A647AD30658469026,1574257215851
1,1,8DE484139940743388683C329F0F,1574257216000
1,1,8DE48A6F9940603748B03EB2B91E,1574257216029
1,1,8DE485019940603268903A1C3B49,1574257216062
1,1,8DE48501587F90BC61333A8DAC12,1574257216603
1,1,8D8982DA0FAA7A81D65154E03662,1574257216852
1,1,8DE48413587BF0BF512FD38459B8,1574257217002
1,1,8DE48A6F5879F4D6BB6DBF3DFC14,1574257217030
1,1,8DE48501587DE4CCC16B0C85AFB7,1574257217065
1,1,8DE48501201CF332C78C20347B3D,1574257217606
1,1,8C146819E6F0E65929939A005068,1574257217855
1,1,8DE4841399407333686C3C261DB3,1574257218003
1,1,8DE48A6F99C0603728B03EECFA1A,1574257218031
1,1,8DE48501587DD4CD016B149FCB8F,1574257218066
1,1,8DE48501587F84CA9F6ACD2B69D5,1574257218798
1,1,8DE484139940763488BC3EBA1207,1574257218856
1,1,8DE48413587B80C185302045A811,1574257219004
1,1,8DE48A6F5879B0C9C736578F6C26,1574257219033
1,1,8DE4850199406032489039A6AF72,1574257219068
1,1,8DE485019940613288903BC54558,1574257219801
1,1,8DE48413587DE0BA732F28AADD2D,1574257219857
1,1,8DE48413587B74CFAD67C260B143,1574257220013
1,1,8FE491A199143239C8AC40D72787,1574257220068
1,1,8B305678CA11029549568A9AC051,1574257220144
1,1,8DE48A6F587980CA8B366C8F2CBB,1574257220210
1,1,8DE48501587F00BE8D337AEF99E7,1574257220802
1,1,8DE48413587D40BD9F2F9818B12F,1574257220859
1,1,8FE491A15887A4C2C166E4D98871,1574257221070
1,1,8F824A887D0A647AD30658469026,1574257221145
1,1,8DE48A6F99C05F36E8B03EE76C8C,1574257221211
1,1,8DE484139940743388683C329F0F,1574257221860
1,1,8DE485019940603268903A1C3B49,1574257221954
1,1,8FE491A199143339A8AC401BA932,1574257222071
1,1,8D8982DA0FAA7A81D65154E03662,1574257222147
1,1,8DE48A6F99C05F36C8B03D5DF8B7,1574257222212
1,1,8DE48413587BF0BF512FD38459B8,1574257222862
1,1,8DE48501587DE4CCC16B0C85AFB7,1574257222955
1,1,8FE491A1588770B57D2F3E63655F,1574257223073
1,1,8C146819E6F0E65929939A005068,1574257223149
1,1,8DE48A6F99C06036E8A83BC88389,1574257223213
1,1,8DE4841399407333686C3C261DB3,1574257223864
1,1,8DE48501587DD4CD016B149FCB8F,1574257223957
1,1,8FE491A199143339A8AC401BA932,1574257224074
1,1,8DE484139940763488BC3EBA1207,1574257224151
1,1,8DE48A6F203CE176CB7C60A6876E,1574257224216
1,1,8DE48413587B80C185302045A811,1574257224865
1,1,8DE4850199406032489039A6AF72,1574257224958
1,1,8FE491A199143339A8AC401BA932,1574257225077
1,1,8DE48413587DE0BA732F28AADD2D,1574257225152
1,1,8DE48A6F587764DBC76E4898ACBB,1574257225217
1,1,8DE48413587B74CFAD67C260B143,1574257225867
1,1,8FE491A199143239C8AC40D72787,1574257225962
1,1,8B305678CA11029549568A9AC051,1574257226031
1,1,8FE491A19914333988AC3FA3D75B,1574257226080
1,1,8DE48413587D40BD9F2F9818B12F,1574257226154
1,1,8DE48A6F99C0613748B83C5004B4,1574257226406
1,1,8FE491A15887A4C2C166E4D98871,1574257226964
1,1,8F824A887D0A647AD30658469026,1574257227032
1,1,8FE491A1588720B68D2F2FEAADDD,1574257227081
1,1,8DE484139940743388683C329F0F,1574257227155
1,1,8DE48A6F99C0613768BC3C2D4E9D,1574257227408
1,1,8FE491A199143339A8AC401BA932,1574257227965
1,1,8D8982DA0FAA7A81D65154E03662,1574257228033
1,1,8FE491A19914333988AC3FA3D75B,1574257228082
1,1,8DE48413587BF0BF512FD38459B8,1574257228156
1,1,8DE48A6F5875F4DD396E6F7BAA49,1574257228411
1,1,8FE491A1588770B57D2F3E63655F,1574257228966
1,1,8C146819E6F0E65929939A005068,1574257229036
1,1,8FE491A19914333988B03F0B555B,1574257229083
1,1,8DE4841399407333686C3C261DB3,1574257229158
1,1,8DE48A6F9940613788C03C73472F,1574257229412
1,1,8FE491A199143339A8AC401BA932,1574257229968
1,1,8DE484139940763488BC3EBA1207,1574257230038
1,1,8DE491A1588530B97D2F07F5C2D2,1574257230085
1,1,8DE48413587B80C185302045A811,1574257230159
1,1,8DE48A6F5875E4DD816E76A8FC88,1574257230414
1,1,8FE491A199143339A8AC401BA932,1574257230969
1,1,8DE48413587DE0BA732F28AADD2D,1574257231040
1,1,8DE491A15883A4C8D366918E7C49,1574257231098
1,1,8DE48413587B74CFAD67C260B143,1574257231162
1,1,8DE48A6F99406137A8B43AAC3D30,1574257231414
1,1,8B305678CA11029549568A9AC051,1574257231454
1,1,8FE491A19914333988AC3FA3D75B,1574257231972
1,1,8DE48413587D40BD9F2F9818B12F,1574257232041
1,1,8DE491A19914333968B84013593D,1574257232100
1,1,8DE48A6F99406137C8AC3AF30D4B,1574257232417
1,1,8F824A887D0A647AD30658469026,1574257232457
1,1,8FE491A1588720B68D2F2FEAADDD,1574257232973
1,1,8DE484139940743388683C329F0F,1574257233042
1,1,8DE491A19914303908B43B6CA262,1574257233103
1,1,8DE48A6F99406137C8AC390CE559,1574257233419
1,1,8D8982DA0FAA7A81D65154E03662,1574257233458
1,1,8FE491A19914333988AC3FA3D75B,1574257233975
1,1,8DE48413587BF0BF512FD38459B8,1574257234044
1,1,8DE491A1587D70C5432E6B57E030,1574257234104
1,1,8DE48A6F587584DEAD6E97912E01,1574257234420
1,1,8C146819E6F0E65929939A005068,1574257234461
1,1,8FE491A19914333988B03F0B555B,1574257234976
1,1,8DE4841399407333686C3C261DB3,1574257235046
1,1,8DE491A19914303928B43B29DE4B,1574257235105
1,1,8DE48A6F99406237E8A4393CEA22,1574257235422
1,1,8DE484139940763488BC3EBA1207,1574257235462
1,1,8DE491A1588530B97D2F07F5C2D2,1574257235978
1,1,8DE48413587B80C185302045A811,1574257236048
1,1,8DE491A1587D54D3776604233BBE,1574257236106
1,1,8DE48A6F99406237E8AC394C8622,1574257236425
1,1,8DE48413587DE0BA732F28AADD2D,1574257236464
1,1,8DE491A15883A4C8D366918E7C49,1574257236982
1,1,8DE48413587B74CFAD67C260B143,1574257237052
1,1,8DE491A19914313928B43B2AD485,1574257237107
1,1,8B305678CA11029549568A9AC051,1574257237213
1,1,8DE48A6F587150D80D37DB8874CC,1574257237426
1,1,8DE48413587D40BD9F2F9818B12F,1574257237466
1,1,8DE491A19914333968B84013593D,1574257237985
1,1,8DE491A120501373E39C603B0D55,1574257238109
1,1,8F824A887D0A647AD30658469026,1574257238214
1,1,8DE484139940743388683C329F0F,1574257238468
1,1,8DE48A6F203CE176CB7C60A6876E,1574257238564
1,1,8DE491A19914303908B43B6CA262,1574257238987
1,1,8D8982DA0FAA7A81D65154E03662,1574257239216
1,1,8DE491A1587D44D3C9660023C872,1574257239257
1,1,8DE48413587BF0BF512FD38459B8,1574257239472
1,1,8DE48A6F99406237C8AC3909FA0B,1574257239565
1,1,8DE491A1587D70C5432E6B57E030,1574257239989
1,1,8C146819E6F0E65929939A005068,1574257240219
1,1,8DE491A19914313948B83A52FEF7,1574257240260
1,1,8DE4841399407333686C3C261DB3,1574257240475
1,1,8DE48A6F587104E6A16F6F0D569F,1574257240566
1,1,8DE491A19914303928B43B29DE4B,1574257240992
1,1,8DE484139940763488BC3EBA1207,1574257241221
1,1,8DE491A1587D24D42965FB9E7A6B,1574257241261
1,1,8DE48413587B80C185302045A811,1574257241476
1,1,8DE48A6F99406237C8AC3909FA0B,1574257241568
1,1,8DE491A1587D54D3776604233BBE,1574257241993
1,1,8DE48413587DE0BA732F28AADD2D,1574257242223
1,1,8DE491A19914313968B83A1782DE,1574257242262
1,1,8DE48413587B74CFAD67C260B143,1574257242481
1,1,8DE48A6F586FE0D9893803CE0A20,1574257242569
1,1,8B305678CA11029549568A9AC051,1574257242765
1,1,8DE491A19914313928B43B2AD485,1574257242995
1,1,8DE48413587D40BD9F2F9818B12F,1574257243225
1,1,8DE491A1587994D90165BA6DD3DE,1574257243265
1,1,8F824A887D0A647AD30658469026,1574257243767
1,1,8DE491A120501373E39C603B0D55,1574257243997
1,1,8DE48A6F99406237C8AC3909FA0B,1574257244082
1,1,8DE484139940743388683C329F0F,1574257244227
1,1,8DE491A199143239E8C03A2AE13A,1574257244267
1,1,8D8982DA0FAA7A81D65154E03662,1574257244769
1,1,8DE48A6F99406137A8AC39C36122,1574257245084
1,1,8DE491A1587D44D3C9660023C872,1574257245124
1,1,8DE48413587BF0BF512FD38459B8,1574257245229
1,1,8DE491A1587974D96365B59F2626,1574257245268
1,1,8C146819E6F0E65929939A005068,1574257245770
1,1,8DE48A6F586F90DA85381E87E4F2,1574257246086
1,1,8DE491A19914313948B83A52FEF7,1574257246124
1,1,8DE4841399407333686C3C261DB3,1574257246232
1,1,8DE491A1587950CC272E1093C561,1574257246270
1,1,8DE484139940763488BC3EBA1207,1574257246773
1,1,8DE48A6F9940613788AC39861D0B,1574257247088
1,1,8DE491A1587D24D42965FB9E7A6B,1574257247126
1,1,8DE48413587B80C185302045A811,1574257247237
1,1,8DE491A199143239E8BC3AC0AF21,1574257247426
1,1,8DE48413587DE0BA732F28AADD2D,1574257247775
1,1,8DE48A6F586F80DB03382BA4A53D,1574257248092
1,1,8DE491A19914313968B83A1782DE,1574257248129
1,1,8DE48413587B74CFAD67C260B143,1574257248238
1,1,8DE491A199143239E8BC3CC08B0C,1574257248427
1,1,8B305678CA11029549568A9AC051,1574257248432
1,1,8DE48413587D40BD9F2F9818B12F,1574257248780
1,1,8DE485019940693348943E09BECB,1574257249093
1,1,8DE491A1587994D90165BA6DD3DE,1574257249130
1,1,8DE491A1587910CC472E0D61AE11,1574257249428
1,1,8F824A887D0A647AD30658469026,1574257249433
1,1,8DE484139940743388683C329F0F,1574257249783
1,1,8DE48501589370B58F3270E7F6CD,1574257250097
1,1,8DE491A199143239E8C03A2AE13A,1574257250132
1,1,8DE491A199143239E8BC3B3F5B28,1574257250429
1,1,8D8982DA0FAA7A81D65154E03662,1574257250435
1,1,8DE48413587BF0BF512FD38459B8,1574257250784
1,1,8DE485019940613328903D41E4A2,1574257251104
1,1,8DE491A1587974D96365B59F2626,1574257251133
1,1,8DE491A15877F0CCCF2E06ABC140,1574257251430
1,1,8C146819E6F0E65929939A005068,1574257251437
1,1,8DE4841399407333686C3C261DB3,1574257251785
1,1,8DE485015881F0B75D32A5829E65,1574257252106
1,1,8DE491A1587950CC272E1093C561,1574257252137
1,1,8DE491A199143239E8BC3B3F5B28,1574257252432
1,1,8DE484139940763488BC3EBA1207,1574257252438
1,1,8DE48413587B80C185302045A811,1574257252786
1,1,8DE485015881B0B84532C07DA93A,1574257253107
1,1,8DE491A199143239E8BC3AC0AF21,1574257253317
1,1,8DE491A120501373E39C603B0D55,1574257253435
1,1,8DE48413587DE0BA732F28AADD2D,1574257253440
1,1,8DE48413587B74CFAD67C260B143,1574257253788
1,1,8B305678CA11029549568A9AC051,1574257253922
1,1,8DE485019940613308943B3C8AA6,1574257254108
1,1,8DE491A199143239E8BC3CC08B0C,1574257254319
1,1,8DE491A15877D0CD472E0065E75B,1574257254436
1,1,8DE48413587D40BD9F2F9818B12F,1574257254441
1,1,8F824A887D0A647AD30658469026,1574257254926
1,1,8DE4850199406132E8903CF51107,1574257255109
1,1,8DE491A1587910CC472E0D61AE11,1574257255320
1,1,8DE491A199143239E8BC3B3F5B28,1574257255437
1,1,8DE484139940743388683C329F0F,1574257255442
1,1,8D8982DA0FAA7A81D65154E03662,1574257255929
1,1,8DE4850199406132C8903B4FBD0A,1574257256111
1,1,8DE491A199143239E8BC3B3F5B28,1574257256323
1,1,8DE491A199143239C8BC3B7A2701,1574257256439
1,1,8DE48413587BF0BF512FD38459B8,1574257256445
1,1,8C146819E6F0E65929939A005068,1574257256932
1,1,8DE48501588110BA7533015CDD45,1574257257112
1,1,8DE491A15877F0CCCF2E06ABC140,1574257257325
1,1,8DE491A15877A4DB8F659955821A,1574257257443
1,1,8DE4841399407333686C3C261DB3,1574257257453
1,1,8DE484139940763488BC3EBA1207,1574257257934
1,1,8DE48501588104C8BB6A95307F35,1574257258112
1,1,8DE491A199143239E8BC3B3F5B28,1574257258326
1,1,8DE48413587B80C185302045A811,1574257258455
1,1,8DE491A199143239C8B83ABDE508,1574257258603
1,1,8DE48413587DE0BA732F28AADD2D,1574257258936
1,1,8DE4850199406132C8903B4FBD0A,1574257259115
1,1,8DE491A120501373E39C603B0D55,1574257259327
1,1,8DE48413587B74CFAD67C260B143,1574257259457
1,1,8B305678CA11029549568A9AC051,1574257259602
1,1,8DE491A1587750CF0D2DE95FAAD9,1574257259607
1,1,8DE48413587D40BD9F2F9818B12F,1574257259938
1,1,8DE48501587FF0BB193314804379,1574257260117
1,1,8DE491A15877D0CD472E0065E75B,1574257260328
1,1,8F824A887D0A647AD30658469026,1574257260605
1,1,8DE491A199143239C8B839420D1A,1574257260608
1,1,8DE484139940743388683C329F0F,1574257260939
1,1,8DE4850199406132A8903A7FCD78,1574257261118
1,1,8DE491A199143239E8BC3B3F5B28,1574257261329
1,1,8D8982DA0FAA7A81D65154E03662,1574257261606
1,1,8DE491A1587730CF712DE448CFAD,1574257261610
1,1,8DE48413587BF0BF512FD38459B8,1574257261941
1,1,8DE4850199406132A8903A7FCD78,1574257262119
1,1,8DE491A199143239C8BC3B7A2701,1574257262331
1,1,8C146819E6F0E65929939A005068,1574257262608
1,1,8DE491A199143139A8A438DFE03A,1574257262611
1,1,8DE4841399407333686C3C261DB3,1574257262945
1,1,8DE48501587F90BC61333A8DAC12,1574257263123
1,1,8DE491A15877A4DB8F659955821A,1574257263334
1,1,8DE484139940763488BC3EBA1207,1574257263610
1,1,8DE491A15875E4DE31657533EAF8,1574257263613
1,1,8DE48413587B80C185302045A811,1574257263947
1,1,8DE48501201CF332C78C20347B3D,1574257264124
1,1,8DE491A199143239C8B83ABDE508,1574257264591
1,1,8DE48413587DE0BA732F28AADD2D,1574257264618
1,1,8DE491A15875C4DE936571E65B08,1574257264771
1,1,8DE48413587B74CFAD67C260B143,1574257264948
1,1,8B305678CA11029549568A9AC051,1574257265064
1,1,8DE48501587F84CA9F6ACD2B69D5,1574257265256
1,1,8DE491A1587750CF0D2DE95FAAD9,1574257265593
1,1,8DE48413587D40BD9F2F9818B12F,1574257265620
1,1,8DE491A15875A0D1552DCB7CDCEC,1574257265772
1,1,8F824A887D0A647AD30658469026,1574257266066
1,1,8DE485019940613288903BC54558,1574257266257
1,1,8DE491A199143239C8B839420D1A,1574257266594
1,1,8DE484139940743388683C329F0F,1574257266625
1,1,8DE491A1587594DF3B656801070A,1574257266775
1,1,8D8982DA0FAA7A81D65154E03662,1574257267067
1,1,8DE48501587F00BE8D337AEF99E7,1574257267259
1,1,8DE491A1587730CF712DE448CFAD,1574257267595
1,1,8DE48413587BF0BF512FD38459B8,1574257267626
1,1,8DE491A19914313988B037BDD25B,1574257267776
1,1,8C146819E6F0E65929939A005068,1574257268070
1,1,8DE485019940603268903A1C3B49,1574257268431
1,1,8DE491A199143139A8A438DFE03A,1574257268597
1,1,8DE4841399407333686C3C261DB3,1574257268631
1,1,8DE491A1587570D2112DC1359251,1574257268906
1,1,8DE484139940763488BC3EBA1207,1574257269073
1,1,8DE48501587DE4CCC16B0C85AFB7,1574257269433
1,1,8DE491A15875E4DE31657533EAF8,1574257269603
1,1,8DE48413587B80C185302045A811,1574257269634
1,1,8DE491A19914313968B837E83E8D,1574257269909
1,1,8DE48413587DE0BA732F28AADD2D,1574257270076
1,1,8DE48501587DD4CD016B149FCB8F,1574257270436
1,1,8DE48413587B74CFAD67C260B143,1574257270638
1,1,8DE491A15875C4DE936571E65B08,1574257270748
1,1,8B305678CA11029549568A9AC051,1574257270754
1,1,8DE491A1587544E06F65595BF018,1574257270910
1,1,8DE48413587D40BD9F2F9818B12F,1574257271077
1,1,8DE4850199406032489039A6AF72,1574257271438
1,1,8DE491A15875A0D1552DCB7CDCEC,1574257271750
1,1,8F824A887D0A647AD30658469026,1574257271756
1,1,8DE491A19914313968B4365F9084,1574257272075
1,1,8DE484139940743388683C329F0F,1574257272079
1,1,8FE491A199143239C8AC40D72787,1574257272439
1,1,8DE491A1587594DF3B656801070A,1574257272755
1,1,8D8982DA0FAA7A81D65154E03662,1574257272758
1,1,8DE491A1587520D34B2DB1CC64A2,1574257273078
1,1,8DE48413587BF0BF512FD38459B8,1574257273081
1,1,8FE491A15887A4C2C166E4D98871,1574257273440
1,1,8DE491A19914313988B037BDD25B,1574257273757
1,1,8C146819E6F0E65929939A005068,1574257273760
1,1,8DE491A19914313968B03667A684,1574257274079
1,1,8DE4841399407333686C3C261DB3,1574257274084
1,1,8FE491A199143339A8AC401BA932,1574257274441
1,1,8DE484139940763488BC3EBA1207,1574257274762
1,1,8DE491A1587570D2112DC1359251,1574257274900
1,1,8DE491A1587504E127654F562064,1574257275080
1,1,8DE48413587B80C185302045A811,1574257275086
1,1,8FE491A1588770B57D2F3E63655F,1574257275443
1,1,8DE48413587DE0BA732F28AADD2D,1574257275764
1,1,8DE491A19914313968B837E83E8D,1574257275902
1,1,8DE48413587B74CFAD67C260B143,1574257276088
1,1,8DE491A15873F0D3F52DA8B5231B,1574257276213
1,1,8B305678CA11029549568A9AC051,1574257276225
1,1,8FE491A199143339A8AC401BA932,1574257276445
1,1,8DE48413587D40BD9F2F9818B12F,1574257276766
1,1,8DE491A1587544E06F65595BF018,1574257276904
1,1,8DE491A120501373E39C603B0D55,1574257277216
1,1,8F824A887D0A647AD30658469026,1574257277226
1,1,8FE491A199143339A8AC401BA932,1574257277446
1,1,8DE484139940743388683C329F0F,1574257277768
1,1,8DE491A19914313968B4365F9084,1574257278065
1,1,8DE491A15873D4E1E7654580F4F2,1574257278218
1,1,8D8982DA0FAA7A81D65154E03662,1574257278229
1,1,8FE491A19914333988AC3FA3D75B,1574257278448
1,1,8DE48413587BF0BF512FD38459B8,1574257278769
1,1,8DE491A1587520D34B2DB1CC64A2,1574257279069
1,1,8DE491A15873B0D4CF2D9E4855D4,1574257279220
1,1,8C146819E6F0E65929939A005068,1574257279231
1,1,8FE491A1588720B68D2F2FEAADDD,1574257279451
1,1,8DE4841399407333686C3C261DB3,1574257279771
1,1,8DE491A19914313968B03667A684,1574257280072
1,1,8DE491A199143139289C3764B4D6,1574257280221
1,1,8DE484139940763488BC3EBA1207,1574257280232
1,1,8FE491A19914333988AC3FA3D75B,1574257280453
1,1,8DE48413587B80C185302045A811,1574257280773
1,1,8DE491A1587504E127654F562064,1574257281075
1,1,8DE48413587DE0BA732F28AADD2D,1574257281234
1,1,8DE491A1587394E255653F551AEE,1574257281355
1,1,8FE491A19914333988B03F0B555B,1574257281455
1,1,8DE48413587B74CFAD67C260B143,1574257281774
1,1,8B305678CA11029549568A9AC051,1574257281921
1,1,8DE491A15873F0D3F52DA8B5231B,1574257282213
1,1,8DE48413587D40BD9F2F9818B12F,1574257282237
1,1,8DE491A199143139289C3964E097,1574257282356
1,1,8DE491A1588530B97D2F07F5C2D2,1574257282456
1,1,8F824A887D0A647AD30658469026,1574257282924
1,1,8DE491A120501373E39C603B0D55,1574257283216
1,1,8DE484139940743388683C329F0F,1574257283238
1,1,8D93D87078BA243956FA5D7263BA,1574257283367
1,1,8DE491A15883A4C8D366918E7C49,1574257283458
1,1,8D8982DA0FAA7A81D65154E03662,1574257283925
1,1,8DE491A15873D4E1E7654580F4F2,1574257284218
1,1,8DE48413587BF0BF512FD38459B8,1574257284240
1,1,8DE48A6F5883707BCF37E15401FB,1574257284369
1,1,8DE491A19914333968B84013593D,1574257284461
1,1,8C146819E6F0E65929939A005068,1574257284932
1,1,8DE491A15873B0D4CF2D9E4855D4,1574257285221
1,1,8DE4841399407333686C3C261DB3,1574257285242
1,1,8DE48A6F9944BDB1003C3CAAB443,1574257285371
1,1,8DE491A19914303908B43B6CA262,1574257285462
1,1,8DE484139940763488BC3EBA1207,1574257285934
1,1,8DE491A199143139289C3764B4D6,1574257286223
1,1,8DE48413587B80C185302045A811,1574257286244
1,1,8DE48A6F9944BDB120403C058671,1574257286373
1,1,8DE491A1587D70C5432E6B57E030,1574257286463
1,1,8DE48413587DE0BA732F28AADD2D,1574257286936
1,1,8DE48413587B74CFAD67C260B143,1574257287245
1,1,8DE49246587194A36770E92A9344,1574257287379
1,1,8DE491A1587394E255653F551AEE,1574257287384
1,1,8B305678CA11029549568A9AC051,1574257287436
1,1,8DE491A19914303928B43B29DE4B,1574257287465
1,1,8DE48413587D40BD9F2F9818B12F,1574257287940
1,1,8DE491A199143139289C3964E097,1574257288385
1,1,8F824A887D0A647AD30658469026,1574257288440
1,1,8DE491A1587D54D3776604233BBE,1574257288465
1,1,8DE484139940743388683C329F0F,1574257288941
1,1,8D93D87078BA243956FA5D7263BA,1574257289390
1,1,8D8982DA0FAA7A81D65154E03662,1574257289444
1,1,8DE491A19914313928B43B2AD485,1574257289467
1,1,8DE48413587BF0BF512FD38459B8,1574257289944
1,1,8DE48A6F5883707BCF37E15401FB,1574257290390
1,1,8C146819E6F0E65929939A005068,1574257290454
1,1,8DE491A120501373E39C603B0D55,1574257290468
1,1,8DE4841399407333686C3C261DB3,1574257290945
1,1,8DE48A6F9944BDB1003C3CAAB443,1574257291391
1,1,8DE484139940763488BC3EBA1207,1574257291455
1,1,8DE491A1587D44D3C9660023C872,1574257291637
1,1,8DE48413587B80C185302045A811,1574257291956
1,1,8DE48A6F9944BDB120403C058671,1574257292393
1,1,8DE48413587DE0BA732F28AADD2D,1574257292457
1,1,8DE491A19914313948B83A52FEF7,1574257292638
1,1,8DE48413587B74CFAD67C260B143,1574257292959
1,1,8B305678CA11029549568A9AC051,1574257293111
1,1,8DE49246587194A36770E92A9344,1574257293396
1,1,8DE48413587D40BD9F2F9818B12F,1574257293458
1,1,8DE491A1587D24D42965FB9E7A6B,1574257293639
1,1,8F824A887D0A647AD30658469026,1574257294112
1,1,8DE484139940743388683C329F0F,1574257294460
1,1,8DE491A19914313968B83A1782DE,1574257294641
1,1,8D8982DA0FAA7A81D65154E03662,1574257295113
1,1,8DE48413587BF0BF512FD38459B8,1574257295462
1,1,8DE491A1587994D90165BA6DD3DE,1574257295645
1,1,8C146819E6F0E65929939A005068,1574257296115
1,1,8DE4841399407333686C3C261DB3,1574257296464
1,1,8DE491A199143239E8C03A2AE13A,1574257296647
1,1,8DE484139940763488BC3EBA1207,1574257297117
1,1,8DE48413587B80C185302045A811,1574257297467
1,1,8DE491A1587974D96365B59F2626,1574257297649
1,1,8DE48413587DE0BA732F28AADD2D,1574257298118
1,1,8DE48413587B74CFAD67C260B143,1574257298469
1,1,8B305678CA11029549568A9AC051,1574257298619
1,1,8DE491A1587950CC272E1093C561,1574257298649
1,1,8DE48413587D40BD9F2F9818B12F,1574257299121
1,1,8F824A887D0A647AD30658469026,1574257299620
1,1,8DE491A199143239E8BC3AC0AF21,1574257299803
1,1,8DE484139940743388683C329F0F,1574257300122
1,1,8D8982DA0FAA7A81D65154E03662,1574257300622
1,1,8DE491A199143239E8BC3CC08B0C,1574257300805
1,1,8DE48413587BF0BF512FD38459B8,1574257301124
1,1,8C146819E6F0E65929939A005068,1574257301623
1,1,8DE491A1587910CC472E0D61AE11,1574257301806
1,1,8DE4841399407333686C3C261DB3,1574257302126
1,1,8DE484139940763488BC3EBA1207,1574257302625
1,1,8DE491A199143239E8BC3B3F5B28,1574257302811
1,1,8DE48413587B80C185302045A811,1574257303127
1,1,8DE48413587DE0BA732F28AADD2D,1574257303626
1,1,8DE491A15877F0CCCF2E06ABC140,1574257303812
1,1,8DE48413587B74CFAD67C260B143,1574257304129
1,1,8B305678CA11029549568A9AC051,1574257304269
1,1,8DE48413587D40BD9F2F9818B12F,1574257304629
1,1,8DE491A199143239E8BC3B3F5B28,1574257304813
1,1,8F824A887D0A647AD30658469026,1574257305271
1,1,8DE484139940743388683C329F0F,1574257305630
1,1,8DE491A120501373E39C603B0D55,1574257305814
1,1,8D8982DA0FAA7A81D65154E03662,1574257306272
1,1,8DE48413587BF0BF512FD38459B8,1574257306635
1,1,8DE491A15877D0CD472E0065E75B,1574257306815
1,1,8C146819E6F0E65929939A005068,1574257307273
1,1,8DE4841399407333686C3C261DB3,1574257307639
1,1,8DE491A199143239E8BC3B3F5B28,1574257307818
1,1,8DE484139940763488BC3EBA1207,1574257308275
1,1,8DE48413587B80C185302045A811,1574257308641
1,1,8DE491A199143239C8BC3B7A2701,1574257308819
1,1,8DE48413587DE0BA732F28AADD2D,1574257309280
1,1,8DE48413587B74CFAD67C260B143,1574257309642
1,1,8B305678CA11029549568A9AC051,1574257309803
1,1,8DE491A15877A4DB8F659955821A,1574257309820
1,1,8DE48413587D40BD9F2F9818B12F,1574257310284
1,1,8F824A887D0A647AD30658469026,1574257310804
1,1,8DE491A199143239C8B83ABDE508,1574257310956
1,1,8DE484139940743388683C329F0F,1574257311285
1,1,8D8982DA0FAA7A81D65154E03662,1574257311806
1,1,8DE491A1587750CF0D2DE95FAAD9,1574257311958
1,1,8DE48413587BF0BF512FD38459B8,1574257312286
1,1,8C146819E6F0E65929939A005068,1574257312807
1,1,8DE491A199143239C8B839420D1A,1574257312960
1,1,8DE4841399407333686C3C261DB3,1574257313287
1,1,8DE484139940763488BC3EBA1207,1574257313810
1,1,8DE491A1587730CF712DE448CFAD,1574257313961
1,1,8DE48413587B80C185302045A811,1574257314288
1,1,8DE48413587DE0BA732F28AADD2D,1574257314811
1,1,8DE491A199143139A8A438DFE03A,1574257314962
1,1,8DE48413587B74CFAD67C260B143,1574257315290
1,1,8B305678CA11029549568A9AC051,1574257315418
1,1,8DE48413587D40BD9F2F9818B12F,1574257315813
1,1,8DE491A15875E4DE31657533EAF8,1574257315965
1,1,8F824A887D0A647AD30658469026,1574257316419
1,1,8DE484139940743388683C329F0F,1574257316816
1,1,8DE491A15875C4DE936571E65B08,1574257317118
1,1,8D8982DA0FAA7A81D65154E03662,1574257317421
1,1,8DE48413587BF0BF512FD38459B8,1574257317819
1,1,8DE491A15875A0D1552DCB7CDCEC,1574257318120
1,1,8C146819E6F0E65929939A005068,1574257318425
1,1,8DE4841399407333686C3C261DB3,1574257318820
1,1,8DE491A1587594DF3B656801070A,1574257319121
1,1,8DE484139940763488BC3EBA1207,1574257319426
1,1,8DE48413587B80C185302045A811,1574257319822
1,1,8DE491A19914313988B037BDD25B,1574257320123
1,1,8DE48413587DE0BA732F28AADD2D,1574257320428
1,1,8DE48413587B74CFAD67C260B143,1574257320823
1,1,8B305678CA11029549568A9AC051,1574257320960
1,1,8DE491A1587570D2112DC1359251,1574257321282
1,1,8DE48413587D40BD9F2F9818B12F,1574257321429
1,1,8F824A887D0A647AD30658469026,1574257321962
1,1,8DE491A19914313968B837E83E8D,1574257322284
1,1,8DE484139940743388683C329F0F,1574257322431
1,1,8D8982DA0FAA7A81D65154E03662,1574257322964
1,1,8DE491A1587544E06F65595BF018,1574257323285
1,1,8DE48413587BF0BF512FD38459B8,1574257323433
1,1,8C146819E6F0E65929939A005068,1574257323968
1,1,8DE4841399407333686C3C261DB3,1574257324435
1,1,8DE491A19914313968B4365F9084,1574257324691
1,1,8DE484139940763488BC3EBA1207,1574257324969
1,1,8DE48413587B80C185302045A811,1574257325437
1,1,8DE491A1587520D34B2DB1CC64A2,1574257325691
1,1,8DE48413587DE0BA732F28AADD2D,1574257325978
1,1,8DE48413587B74CFAD67C260B143,1574257326439
1,1,8B305678CA11029549568A9AC051,1574257326599
1,1,8DE491A19914313968B03667A684,1574257326692
1,1,8DE48413587D40BD9F2F9818B12F,1574257326980
1,1,8F824A887D0A647AD30658469026,1574257327601
1,1,8DE491A1587504E127654F562064,1574257327695
1,1,8DE484139940743388683C329F0F,1574257327981
1,1,8D8982DA0FAA7A81D65154E03662,1574257328603
1,1,8DE491A15873F0D3F52DA8B5231B,1574257328858
1,1,8DE48413587BF0BF512FD38459B8,1574257328983
1,1,8C146819E6F0E65929939A005068,1574257329606
1,1,8DE491A120501373E39C603B0D55,1574257329858
1,1,8DE4841399407333686C3C261DB3,1574257329985
1,1,8DE484139940763488BC3EBA1207,1574257330609
1,1,8DE491A15873D4E1E7654580F4F2,1574257330861
1,1,8DE48413587B80C185302045A811,1574257330986
1,1,8DE48413587DE0BA732F28AADD2D,1574257331612
1,1,8DE491A15873B0D4CF2D9E4855D4,1574257331863
1,1,8DE48413587B74CFAD67C260B143,1574257331988
1,1,8B305678CA11029549568A9AC051,1574257332180
1,1,8DE48413587D40BD9F2F9818B12F,1574257332614
1,1,8DE491A199143139289C3764B4D6,1574257332865
1,1,8F824A887D0A647AD30658469026,1574257333182
1,1,8DE484139940743388683C329F0F,1574257333617
1,1,8DE491A1587394E255653F551AEE,1574257334001
1,1,8D8982DA0FAA7A81D65154E03662,1574257334183
1,1,8DE48413587BF0BF512FD38459B8,1574257334618
1,1,8DE491A199143139289C3964E097,1574257335002
1,1,8C146819E6F0E65929939A005068,1574257335185
1,1,8DE4841399407333686C3C261DB3,1574257335620
1,1,8D93D87078BA243956FA5D7263BA,1574257336003
1,1,8DE484139940763488BC3EBA1207,1574257336189
1,1,8DE48413587B80C185302045A811,1574257336621
1,1,8DE48A6F5883707BCF37E15401FB,1574257337003
1,1,8DE48413587DE0BA732F28AADD2D,1574257337190
1,1,8DE48413587B74CFAD67C260B143,1574257337623
1,1,8B305678CA11029549568A9AC051,1574257337833
1,1,8DE48A6F9944BDB1003C3CAAB443,1574257338005
1,1,8DE48413587D40BD9F2F9818B12F,1574257338192
1,1,8F824A887D0A647AD30658469026,1574257338836
1,1,8DE48A6F9944BDB120403C058671,1574257339005
1,1,8DE484139940743388683C329F0F,1574257339194
1,1,8D8982DA0FAA7A81D65154E03662,1574257339837
1,1,8DE49246587194A36770E92A9344,1574257340007
1,1,8DE48413587BF0BF512FD38459B8,1574257340195
1,1,8C146819E6F0E65929939A005068,1574257340838
1,1,8DE4841399407333686C3C261DB3,1574257341200
1,1,8DE484139940763488BC3EBA1207,1574257341839
1,1,8DE48413587B80C185302045A811,1574257342202
1,1,8DE48413587DE0BA732F28AADD2D,1574257342840
1,1,8DE48413587B74CFAD67C260B143,1574257343204
1,1,8B305678CA11029549568A9AC051,1574257343313
1,1,8DE48413587D40BD9F2F9818B12F,1574257343842
1,1,8F824A887D0A647AD30658469026,1574257344314
1,1,8DE484139940743388683C329F0F,1574257344844
1,1,8D8982DA0FAA7A81D65154E03662,1574257345316
1,1,8DE48413587BF0BF512FD38459B8,1574257345845
1,1,8C146819E6F0E65929939A005068,1574257346317
1,1,8DE4841399407333686C3C261DB3,1574257346846
1,1,8DE484139940763488BC3EBA1207,1574257347319
1,1,8DE48413587B80C185302045A811,1574257347849
1,1,8DE48413587DE0BA732F28AADD2D,1574257348320
1,1,8DE48413587B74CFAD67C260B143,1574257348851
1,1,8B305678CA11029549568A9AC051,1574257349019
1,1,8DE48413587D40BD9F2F9818B12F,1574257349321
1,1,8F824A887D0A647AD30658469026,1574257350021
1,1,8DE484139940743388683C329F0F,1574257350325
1,1,8D8982DA0FAA7A81D65154E03662,1574257351023
1,1,8DE48413587BF0BF512FD38459B8,1574257351326
1,1,8C146819E6F0E65929939A005068,1574257352025
1,1,8DE4841399407333686C3C261DB3,1574257352328
1,1,8DE484139940763488BC3EBA1207,1574257353028
1,1,8DE48413587B80C185302045A811,1574257353332
1,1,8DE48413587DE0BA732F28AADD2D,1574257354031
1,1,8DE48413587B74CFAD67C260B143,1574257354332
1,1,8B305678CA11029549568A9AC051,1574257354538
1,1,8DE48413587D40BD9F2F9818B12F,1574257355034
1,1,8F824A887D0A647AD30658469026,1574257355540
1,1,8DE484139940743388683C329F0F,1574257356035
1,1,8D8982DA0FAA7A81D65154E03662,1574257356541
1,1,8DE48413587BF0BF512FD38459B8,1574257357037
1,1,8C146819E6F0E65929939A005068,1574257357542
1,1,8DE4841399407333686C3C261DB3,1574257358039
1,1,8DE484139940763488BC3EBA1207,1574257358544
1,1,8DE48413587B80C185302045A811,1574257359041
1,1,8DE48413587DE0BA732F28AADD2D,1574257359546
1,1,8DE48413587B74CFAD67C260B143,1574257360043
1,1,8B305678CA11029549568A9AC051,1574257360138
1,1,8DE48413587D40BD9F2F9818B12F,1574257360551
1,1,8F824A887D0A647AD30658469026,1574257361139
1,1,8DE484139940743388683C329F0F,1574257361553
1,1,8D8982DA0FAA7A81D65154E03662,1574257362140
1,1,8DE48413587BF0BF512FD38459B8,1574257362554
1,1,8C146819E6F0E65929939A005068,1574257363142
1,1,8DE4841399407333686C3C261DB3,1574257363557
1,1,8DE484139940763488BC3EBA1207,1574257364143
1,1,8DE48413587B80C185302045A811,1574257364560
1,1,8DE48413587DE0BA732F28AADD2D,1574257365146
1,1,8DE48413587B74CFAD67C260B143,1574257365562
1,1,8B305678CA11029549568A9AC051,1574257365668
1,1,8DE48413587D40BD9F2F9818B12F,1574257366149
1,1,8F824A887D0A647AD30658469026,1574257366672
1,1,8DE484139940743388683C329F0F,1574257367150
1,1,8D8982DA0FAA7A81D65154E03662,1574257367673
1,1,8DE48413587BF0BF512FD38459B8,1574257368152
1,1,8C146819E6F0E65929939A005068,1574257368675
1,1,8DE4841399407333686C3C261DB3,1574257369156
1,1,8DE484139940763488BC3EBA1207,1574257369677
1,1,8DE48413587B80C185302045A811,1574257370158
1,1,8DE48413587DE0BA732F28AADD2D,1574257370678
1,1,8DE48413587B74CFAD67C260B143,1574257371160
1,1,8B305678CA11029549568A9AC051,1574257371279
1,1,8DE48413587D40BD9F2F9818B12F,1574257371681
1,1,8F824A887D0A647AD30658469026,1574257372280
1,1,8DE484139940743388683C329F0F,1574257372682
1,1,8D8982DA0FAA7A81D65154E03662,1574257373282
1,1,8DE48413587BF0BF512FD38459B8,1574257373684
1,1,8C146819E6F0E65929939A005068,1574257374283
1,1,8DE4841399407333686C3C261DB3,1574257374687
1,1,8DE484139940763488BC3EBA1207,1574257375285
1,1,8DE48413587B80C185302045A811,1574257375695
1,1,8DE48413587DE0BA732F28AADD2D,1574257376286
1,1,8DE48413587B74CFAD67C260B143,1574257376696
1,1,8B305678CA11029549568A9AC051,1574257376814
1,1,8DE48413587D40BD9F2F9818B12F,1574257377287
1,1,8F824A887D0A647AD30658469026,1574257377816
1,1,8DE484139940743388683C329F0F,1574257378289
1,1,8D8982DA0FAA7A81D65154E03662,1574257378817
1,1,8DE48413587BF0BF512FD38459B8,1574257379291
1,1,8C146819E6F0E65929939A005068,1574257379818
1,1,8DE4841399407333686C3C261DB3,1574257380293
1,1,8DE484139940763488BC3EBA1207,1574257380820
1,1,8DE48413587B80C185302045A811,1574257381294
1,1,8DE48413587DE0BA732F28AADD2D,1574257381822
1,1,8DE48413587B74CFAD67C260B143,1574257382296
1,1,8B305678CA11029549568A9AC051,1574257382412
1,1,8DE48413587D40BD9F2F9818B12F,1574257382824
1,1,8F824A887D0A647AD30658469026,1574257383414
1,1,8DE484139940743388683C329F0F,1574257383827
1,1,8D8982DA0FAA7A81D65154E03662,1574257384416
1,1,8DE48413587BF0BF512FD38459B8,1574257384829
1,1,8C146819E6F0E65929939A005068,1574257385417
1,1,8DE4841399407333686C3C261DB3,1574257385830
1,1,8DE484139940763488BC3EBA1207,1574257386419
1,1,8DE48413587B80C185302045A811,1574257386831
1,1,8DE48413587DE0BA732F28AADD2D,1574257387421
1,1,8DE48413587B74CFAD67C260B143,1574257387834
1,1,8B305678CA11029549568A9AC051,1574257387935
1,1,8DE48413587D40BD9F2F9818B12F,1574257388422
1,1,8F824A887D0A647AD30658469026,1574257388936
1,1,8DE484139940743388683C329F0F,1574257389423
1,1,8D8982DA0FAA7A81D65154E03662,1574257389939
1,1,8DE48413587BF0BF512FD38459B8,1574257390426
1,1,8C146819E6F0E65929939A005068,1574257390941
1,1,8DE4841399407333686C3C261DB3,1574257391428
1,1,8DE484139940763488BC3EBA1207,1574257391942
1,1,8DE48413587B80C185302045A811,1574257392430
1,1,8DE48413587DE0BA732F28AADD2D,1574257392947
1,1,8DE48413587B74CFAD67C260B143,1574257393433
1,1,8DE48413587D40BD9F2F9818B12F,1574257395248
1,1,8B305678CA11029549568A9AC051,1574257396049
1,1,8DE484139940743388683C329F0F,1574257396270
1,1,8F824A887D0A647AD30658469026,1574257397050
