1,1,8F824A887D0A647AD30658469026,1574256968813
1,1,8D8982DA0FAA7A81D65154E03662,1574256969815
1,1,8DE484139940763488BC3EBA1207,1574256971822
1,1,8DE48413587DE0BA732F28AADD2D,1574256972823
1,1,8DE48413587D40BD9F2F9818B12F,1574256973825
1,1,8DE484139940743388683C329F0F,1574256974835
1,1,8DE48413587BF0BF512FD38459B8,1574256975841
1,1,8DE4841399407333686C3C261DB3,1574256976844
1,1,8DE48413587B80C185302045A811,1574256977846
1,1,8DE48413587B74CFAD67C260B143,1574256978849
1,1,8DE48413587B64CFEF67CB3EC916,1574256979851
1,1,8DE48413587B54D02F67D43CA55A,1574256980853
1,1,8DE48413201CC3F1D72DA0C33D4C,1574256981856
1,1,8DE4841399407232E8703BB3BCA7,1574256983191
1,1,8DE4841399407132A8743CFBBD83,1574256984193
1,1,8DE48413587B14D173680085B509,1574256985197
1,1,8DE4841399407132A8783B4C37A7,1574256986200
1,1,8DE484135879E0C45930829562EB,1574256987203
1,1,8DE4841399407132887C3B317D8E,1574256988333
1,1,8DE484135879D4D275682386FA7C,1574256989335
1,1,8DE48413587984D3B5684EC21A33,1574256990336
1,1,8DE484135877F0C8293107260A01,1574256991338
1,1,8DE4841399406F31E884398B4E10,1574256992512
1,1,8DE484135877D0C8C9311D625FB8,1574256993514
1,1,8DE48413586F10D7F7332F2A2231,1574256994516
1,1,8DE48413201CC3F1D72DA0C33D4C,1574256995518
1,1,8DE48A6F203CE176CB7C60A6876E,1574256996533
1,1,8DE48A6F9940653A08B445D67A42,1574256997542
1,1,8DE48A6F5885D0B5B134366E97D7,1574256998545
1,1,8DE48A6F9940653A08B444298E4B,1574256999549
1,1,8DE48A6F99406539A8B44305211E,1574257000551
1,1,8DE48A6F203CE176CB7C60A6876E,1574257001581
1,1,8DE48A6F5883C0B95734999F06F5,1574257002583
1,1,8DE48A6F5883B4C7AD6C27FF6C62,1574257003584
1,1,8DE48A6F9940643948B442DC5F0F,1574257004712
1,1,8DE48A6F9940643948B442DC5F0F,1574257005713
1,1,8DE48A6F588320BB3B34CD84A9E3,1574257006715
1,1,8DE48A6F588314C9876C598E373A,1574257007717
1,1,8DE48A6F99406338E8B443AE1ABB,1574257008876
1,1,8DE48A6F588194CB056C82BCB791,1574257009878
1,1,8DE48A6F588140BE41351FDB4D93,1574257010880
1,1,8DE48A6F99406338A8B8436CB8E9,1574257012044
1,1,8DE48A6F588120BE893526885C29,1574257013046
1,1,8DE48A6F588114CCC96CB22DF8BA,1574257014048
1,1,8DE48A6F99406338A8B44324E2E9,1574257015223
1,1,8DE48A6F587FF4CD116CB9B4BF8F,1574257016225
1,1,8DE48A6F99406338A8B8416CA4F2,1574257017227
1,1,8DE48A6F587FD4CD7D6CC5417B6A,1574257018228
1,1,8DE48A6F587FC0C00B354F8288F4,1574257019248
1,1,8DE48A6F587F84CE8B6CE11AA739,1574257020402
1,1,8DE48A6F9940623868B840F0A6CA,1574257021404
1,1,8DE48A6F9940623868B440B8FCCA,1574257022406
1,1,8DE48A6F587F54CF3D6CF4183FF6,1574257023408
1,1,8DE48A6F9940623848B840B5DAE3,1574257024426
1,1,8DE48A6F587F30C1D3357F929B81,1574257025427
1,1,8DE48A6F9940623828B8407A5E98,1574257026559
1,1,8DE48A6F9940623828B83F875CD8,1574257027561
1,1,8DE48A6F587F14D0036D0938DFD9,1574257028564
1,1,8DE48A6F9940623828B43FCF06D8,1574257029567
1,1,8DE48A6F587DA4C1796D314B676B,1574257030570
1,1,8DE48A6F203CE176CB7C60A6876E,1574257031582
1,1,8DE48A6F587D80C40735BBA619E7,1574257032584
1,1,8DE48A6F587D70C44F35C3A94470,1574257033714
1,1,8DE48A6F99406137E8B440240B1D,1574257034715
1,1,8DE48A6F99406137E8B440240B1D,1574257035717
1,1,8DE48A6F99406137C8B040594134,1574257036719
1,1,8DE48A6F587D14D2DD6D5679BDC3,1574257037738
1,1,8DE48A6F587D00C56F35E1555E01,1574257038916
1,1,8DE48A6F587BE4D38F6D6937C8AE,1574257039918
1,1,8DE48A6F99406137A8B43F53F10F,1574257040920
1,1,8DE48A6F587BC0C62335F48396B3,1574257042093
1,1,8DE48A6F587BB4D4516D7DE91EF8,1574257043095
1,1,8DE48A6F9940613788B03F2EBB26,1574257044099
1,1,8DE48A6F587B94D4996D8583CD6B,1574257045314
1,1,8DE48A6F9940613768B03F0B3BF0,1574257046315
1,1,8DE48A6F203CE176CB7C60A6876E,1574257047318
1,1,8DE48A6F587B64D5496D980301F5,1574257048320
1,1,8DE48A6F9940603768B03F08313E,1574257049360
1,1,8DE48A6F9940603748B03EB2B91E,1574257050362
1,1,8DE48A6F587B40C7E53624888E68,1574257051363
1,1,8DE48A6F9940603748B03EB2B91E,1574257052549
1,1,8DE48A6F9940603748B03EB2B91E,1574257053553
1,1,8DE48A6F5879F4D6BB6DBF3DFC14,1574257054560
1,1,8DE48A6F99C0603728B03EECFA1A,1574257055562
1,1,8DE48A6F5879B0C9C736578F6C26,1574257056598
1,1,8DE48A6F587980CA8B366C8F2CBB,1574257057870
1,1,8DE48A6F99C05F36E8B03EE76C8C,1574257058872
1,1,8DE48A6F99C05F36C8B03D5DF8B7,1574257059874
1,1,8DE48A6F99C06036E8A83BC88389,1574257060876
1,1,8DE48A6F203CE176CB7C60A6876E,1574257061879
1,1,8DE48A6F587764DBC76E4898ACBB,1574257062881
1,1,8DE48A6F99C0613748B83C5004B4,1574257064025
1,1,8DE48A6F99C0613768BC3C2D4E9D,1574257065026
1,1,8DE48A6F5875F4DD396E6F7BAA49,1574257066028
1,1,8DE48A6F9940613788C03C73472F,1574257067030
1,1,8DE48A6F5875E4DD816E76A8FC88,1574257068033
1,1,8DE48A6F99406137A8B43AAC3D30,1574257069035
1,1,8DE48A6F99406137C8AC3AF30D4B,1574257070037
1,1,8DE48A6F99406137C8AC390CE559,1574257071038
1,1,8DE48A6F587584DEAD6E97912E01,1574257072040
1,1,8DE48A6F99406237E8A4393CEA22,1574257073044
1,1,8DE48A6F99406237E8AC394C8622,1574257074046
1,1,8DE48A6F587150D80D37DB8874CC,1574257075047
1,1,8DE48A6F203CE176CB7C60A6876E,1574257076181
1,1,8DE48A6F99406237C8AC3909FA0B,1574257077182
1,1,8DE48A6F587104E6A16F6F0D569F,1574257078184
1,1,8DE48A6F99406237C8AC3909FA0B,1574257079186
1,1,8DE48A6F586FE0D9893803CE0A20,1574257080189
1,1,8DE48A6F99406237C8AC3909FA0B,1574257081340
1,1,8DE48A6F99406137A8AC39C36122,1574257082342
1,1,8DE48A6F586F90DA85381E87E4F2,1574257083343
1,1,8DE48A6F9940613788AC39861D0B,1574257084345
1,1,8DE48A6F586F80DB03382BA4A53D,1574257085347
1,1,8DE485019940693348943E09BECB,1574257086352
1,1,8DE48501589370B58F3270E7F6CD,1574257087354
1,1,8DE485019940613328903D41E4A2,1574257088359
1,1,8DE485015881F0B75D32A5829E65,1574257089362
1,1,8DE485015881B0B84532C07DA93A,1574257090365
1,1,8DE485019940613308943B3C8AA6,1574257091367
1,1,8DE4850199406132E8903CF51107,1574257092373
1,1,8DE4850199406132C8903B4FBD0A,1574257093375
1,1,8DE48501588110BA7533015CDD45,1574257094377
1,1,8DE48501588104C8BB6A95307F35,1574257095380
1,1,8DE4850199406132C8903B4FBD0A,1574257096382
1,1,8DE48501587FF0BB193314804379,1574257097387
1,1,8DE4850199406132A8903A7FCD78,1574257098395
1,1,8DE4850199406132A8903A7FCD78,1574257099400
1,1,8DE48501587F90BC61333A8DAC12,1574257100402
1,1,8DE48501201CF332C78C20347B3D,1574257101404
1,1,8DE48501587F84CA9F6ACD2B69D5,1574257102539
1,1,8DE485019940613288903BC54558,1574257103541
1,1,8DE48501587F00BE8D337AEF99E7,1574257104542
1,1,8DE485019940603268903A1C3B49,1574257105700
1,1,8DE48501587DE4CCC16B0C85AFB7,1574257106702
1,1,8DE48501587DD4CD016B149FCB8F,1574257107703
1,1,8DE4850199406032489039A6AF72,1574257108704
1,1,8FE491A199143239C8AC40D72787,1574257109707
1,1,8FE491A15887A4C2C166E4D98871,1574257112884
1,1,8DE48413587D40BD9F2F9818B12F,1574257112978
1,1,8DE48413587B54D02F67D43CA55A,1574257113076
1,1,8DE48A6F203CE176CB7C60A6876E,1574257113093
1,1,8DE48413587BF0BF512FD38459B8,1574257113285
1,1,8DE48A6F5883B4C7AD6C27FF6C62,1574257113727
1,1,8FE491A199143339A8AC401BA932,1574257113886
1,1,8DE484139940743388683C329F0F,1574257113978
1,1,8DE48413201CC3F1D72DA0C33D4C,1574257114078
1,1,8DE48A6F9940653A08B445D67A42,1574257114095
1,1,8DE4841399407333686C3C261DB3,1574257114287
1,1,8DE48A6F9940643948B442DC5F0F,1574257114884
1,1,8FE491A1588770B57D2F3E63655F,1574257114895
1,1,8DE48413587BF0BF512FD38459B8,1574257114980
1,1,8DE48A6F5885D0B5B134366E97D7,1574257115096
1,1,8F824A887D0A647AD30658469026,1574257115261
1,1,8DE48413587B80C185302045A811,1574257115287
1,1,8DE48A6F9940643948B442DC5F0F,1574257115885
1,1,8FE491A199143339A8AC401BA932,1574257115897
1,1,8DE4841399407333686C3C261DB3,1574257115982
1,1,8DE48A6F9940653A08B444298E4B,1574257116098
1,1,8D8982DA0FAA7A81D65154E03662,1574257116262
1,1,8DE48413587B74CFAD67C260B143,1574257116293
1,1,8DE48A6F588320BB3B34CD84A9E3,1574257116887
1,1,8FE491A199143339A8AC401BA932,1574257116901
1,1,8DE48413587B80C185302045A811,1574257116984
1,1,8DE48A6F99406539A8B44305211E,1574257117106
1,1,8DE48413587B64CFEF67CB3EC916,1574257117295
1,1,8DE48A6F588314C9876C598E373A,1574257117889
1,1,8FE491A19914333988AC3FA3D75B,1574257117904
1,1,8DE48413587B74CFAD67C260B143,1574257117986
1,1,8DE48A6F203CE176CB7C60A6876E,1574257118108
1,1,8DE484139940763488BC3EBA1207,1574257118269
1,1,8DE48413587B54D02F67D43CA55A,1574257118297
1,1,8FE491A1588720B68D2F2FEAADDD,1574257118907
1,1,8DE48413587B64CFEF67CB3EC916,1574257118986
1,1,8DE48A6F5883C0B95734999F06F5,1574257119109
1,1,8DE48413587DE0BA732F28AADD2D,1574257119269
1,1,8DE48413201CC3F1D72DA0C33D4C,1574257119298
1,1,8DE48A6F99406338E8B443AE1ABB,1574257119324
1,1,8FE491A19914333988AC3FA3D75B,1574257119909
1,1,8DE48413587B54D02F67D43CA55A,1574257119989
1,1,8DE48A6F5883B4C7AD6C27FF6C62,1574257120112
1,1,8DE48413587D40BD9F2F9818B12F,1574257120271
1,1,8DE48A6F588194CB056C82BCB791,1574257120325
1,1,8F824A887D0A647AD30658469026,1574257120445
1,1,8FE491A19914333988B03F0B555B,1574257120910
1,1,8DE48413201CC3F1D72DA0C33D4C,1574257120991
1,1,8DE484139940743388683C329F0F,1574257121272
1,1,8DE48A6F9940643948B442DC5F0F,1574257121290
1,1,8DE48A6F588140BE41351FDB4D93,1574257121326
1,1,8D8982DA0FAA7A81D65154E03662,1574257121447
1,1,8DE491A1588530B97D2F07F5C2D2,1574257121913
1,1,8DE4841399407232E8703BB3BCA7,1574257122139
1,1,8DE48413587BF0BF512FD38459B8,1574257122274
1,1,8DE48A6F9940643948B442DC5F0F,1574257122292
1,1,8DE48A6F99406338A8B8436CB8E9,1574257122507
1,1,8DE491A15883A4C8D366918E7C49,1574257122916
1,1,8DE4841399407132A8743CFBBD83,1574257123140
1,1,8DE4841399407333686C3C261DB3,1574257123282
1,1,8DE48A6F588320BB3B34CD84A9E3,1574257123293
1,1,8DE484139940763488BC3EBA1207,1574257123448
1,1,8DE48A6F588120BE893526885C29,1574257123509
1,1,8DE491A19914333968B84013593D,1574257123922
1,1,8DE48413587B14D173680085B509,1574257124141
1,1,8DE48413587B80C185302045A811,1574257124284
1,1,8DE48A6F588314C9876C598E373A,1574257124295
1,1,8DE48413587DE0BA732F28AADD2D,1574257124450
1,1,8DE48A6F588114CCC96CB22DF8BA,1574257124511
1,1,8DE491A19914303908B43B6CA262,1574257124924
1,1,8DE4841399407132A8783B4C37A7,1574257125143
1,1,8DE48413587B74CFAD67C260B143,1574257125286
1,1,8DE48A6F99406338E8B443AE1ABB,1574257125438
1,1,8DE48413587D40BD9F2F9818B12F,1574257125451
1,1,8DE48A6F99406338A8B44324E2E9,1574257125679
1,1,8DE491A1587D70C5432E6B57E030,1574257125927
1,1,8DE484135879E0C45930829562EB,1574257126145
1,1,8F824A887D0A647AD30658469026,1574257126417
1,1,8DE48A6F588194CB056C82BCB791,1574257126439
1,1,8DE484139940743388683C329F0F,1574257126453
1,1,8DE48A6F587FF4CD116CB9B4BF8F,1574257126680
1,1,8DE491A19914303928B43B29DE4B,1574257126930
1,1,8DE4841399407132887C3B317D8E,1574257127316
1,1,8D8982DA0FAA7A81D65154E03662,1574257127419
1,1,8DE48A6F588140BE41351FDB4D93,1574257127445
1,1,8DE48413587BF0BF512FD38459B8,1574257127463
1,1,8DE48A6F99406338A8B8416CA4F2,1574257127681
1,1,8DE491A1587D54D3776604233BBE,1574257127943
1,1,8DE484135879D4D275682386FA7C,1574257128319
1,1,8DE4841399407333686C3C261DB3,1574257128465
1,1,8DE48A6F99406338A8B8436CB8E9,1574257128584
1,1,8DE48A6F587FD4CD7D6CC5417B6A,1574257128682
1,1,8DE491A19914313928B43B2AD485,1574257128944
1,1,8DE48413587984D3B5684EC21A33,1574257129321
1,1,8DE484139940763488BC3EBA1207,1574257129423
1,1,8DE48413587B80C185302045A811,1574257129467
1,1,8DE48A6F588120BE893526885C29,1574257129586
1,1,8DE48A6F587FC0C00B354F8288F4,1574257129683
1,1,8DE491A120501373E39C603B0D55,1574257129946
1,1,8DE484135877F0C8293107260A01,1574257130323
1,1,8DE48413587DE0BA732F28AADD2D,1574257130425
1,1,8DE48413587B74CFAD67C260B143,1574257130469
1,1,8DE48A6F588114CCC96CB22DF8BA,1574257130588
1,1,8DE48A6F587F84CE8B6CE11AA739,1574257130893
1,1,8DE491A1587D44D3C9660023C872,1574257131093
1,1,8DE48413587D40BD9F2F9818B12F,1574257131427
1,1,8DE4841399406F31E884398B4E10,1574257131455
1,1,8DE48A6F99406338A8B44324E2E9,1574257131749
1,1,8F824A887D0A647AD30658469026,1574257131779
1,1,8DE48A6F9940623868B840F0A6CA,1574257131895
1,1,8DE491A19914313948B83A52FEF7,1574257132095
1,1,8DE484139940743388683C329F0F,1574257132428
1,1,8DE484135877D0C8C9311D625FB8,1574257132462
1,1,8DE48A6F587FF4CD116CB9B4BF8F,1574257132749
1,1,8D8982DA0FAA7A81D65154E03662,1574257132780
1,1,8DE48A6F9940623868B440B8FCCA,1574257132896
1,1,8DE491A1587D24D42965FB9E7A6B,1574257133097
1,1,8DE48413587BF0BF512FD38459B8,1574257133430
1,1,8DE48413586F10D7F7332F2A2231,1574257133465
1,1,8DE48A6F99406338A8B8416CA4F2,1574257133750
1,1,8DE48A6F587F54CF3D6CF4183FF6,1574257133898
1,1,8DE491A19914313968B83A1782DE,1574257134098
1,1,8DE4841399407333686C3C261DB3,1574257134431
1,1,8DE48413201CC3F1D72DA0C33D4C,1574257134466
1,1,8DE48A6F587FD4CD7D6CC5417B6A,1574257134752
1,1,8DE484139940763488BC3EBA1207,1574257134784
1,1,8DE48A6F9940623848B840B5DAE3,1574257134899
1,1,8DE491A1587994D90165BA6DD3DE,1574257135099
1,1,8DE48413587B80C185302045A811,1574257135432
1,1,8DE48A6F203CE176CB7C60A6876E,1574257135467
1,1,8DE48A6F587FC0C00B354F8288F4,1574257135755
1,1,8DE48413587DE0BA732F28AADD2D,1574257135787
1,1,8DE48A6F587F30C1D3357F929B81,1574257135900
1,1,8DE491A199143239E8C03A2AE13A,1574257136100
1,1,8DE48413587B74CFAD67C260B143,1574257136435
1,1,8DE48A6F9940653A08B445D67A42,1574257136469
1,1,8DE48413587D40BD9F2F9818B12F,1574257136789
1,1,8DE48A6F587F84CE8B6CE11AA739,1574257136930
1,1,8DE48A6F9940623828B8407A5E98,1574257137076
1,1,8DE491A1587974D96365B59F2626,1574257137101
1,1,8DE48A6F5885D0B5B134366E97D7,1574257137473
1,1,8F824A887D0A647AD30658469026,1574257137596
1,1,8DE484139940743388683C329F0F,1574257137795
1,1,8DE48A6F9940623868B840F0A6CA,1574257137931
1,1,8DE48A6F9940623828B83F875CD8,1574257138077
1,1,8DE491A1587950CC272E1093C561,1574257138105
1,1,8DE48A6F9940653A08B444298E4B,1574257138477
1,1,8D8982DA0FAA7A81D65154E03662,1574257138599
1,1,8DE48413587BF0BF512FD38459B8,1574257138797
1,1,8DE48A6F9940623868B440B8FCCA,1574257138933
1,1,8DE48A6F587F14D0036D0938DFD9,1574257139078
1,1,8DE491A199143239E8BC3AC0AF21,1574257139307
1,1,8DE48A6F99406539A8B44305211E,1574257139479
1,1,8DE4841399407333686C3C261DB3,1574257139801
1,1,8DE48A6F587F54CF3D6CF4183FF6,1574257139934
1,1,8DE48A6F9940623828B43FCF06D8,1574257140082
1,1,8DE491A199143239E8BC3CC08B0C,1574257140312
1,1,8DE48A6F203CE176CB7C60A6876E,1574257140480
1,1,8DE484139940763488BC3EBA1207,1574257140603
1,1,8DE48413587B80C185302045A811,1574257140801
1,1,8DE48A6F9940623848B840B5DAE3,1574257140936
1,1,8DE48A6F587DA4C1796D314B676B,1574257141085
1,1,8DE491A1587910CC472E0D61AE11,1574257141315
1,1,8DE48A6F5883C0B95734999F06F5,1574257141481
1,1,8DE48413587DE0BA732F28AADD2D,1574257141603
1,1,8DE48413587B74CFAD67C260B143,1574257141803
1,1,8DE48A6F587F30C1D3357F929B81,1574257141937
1,1,8DE48A6F203CE176CB7C60A6876E,1574257142087
1,1,8DE491A199143239E8BC3B3F5B28,1574257142318
1,1,8DE48A6F5883B4C7AD6C27FF6C62,1574257142483
1,1,8DE48413587D40BD9F2F9818B12F,1574257142605
1,1,8F824A887D0A647AD30658469026,1574257142972
1,1,8DE48A6F587D80C40735BBA619E7,1574257143091
1,1,8DE48A6F9940623828B8407A5E98,1574257143120
1,1,8DE491A15877F0CCCF2E06ABC140,1574257143325
1,1,8DE484139940743388683C329F0F,1574257143607
1,1,8DE48A6F9940643948B442DC5F0F,1574257143649
1,1,8D8982DA0FAA7A81D65154E03662,1574257143976
1,1,8DE48A6F9940623828B83F875CD8,1574257144127
1,1,8DE48A6F587D70C44F35C3A94470,1574257144258
1,1,8DE491A199143239E8BC3B3F5B28,1574257144329
1,1,8DE48413587BF0BF512FD38459B8,1574257144608
1,1,8DE48A6F9940643948B442DC5F0F,1574257144652
1,1,8DE48A6F587F14D0036D0938DFD9,1574257145129
1,1,8DE48A6F99406137E8B440240B1D,1574257145260
1,1,8DE491A120501373E39C603B0D55,1574257145330
1,1,8DE4841399407333686C3C261DB3,1574257145610
1,1,8DE48A6F588320BB3B34CD84A9E3,1574257145654
1,1,8DE484139940763488BC3EBA1207,1574257145980
1,1,8DE48A6F9940623828B43FCF06D8,1574257146131
1,1,8DE48A6F99406137E8B440240B1D,1574257146262
1,1,8DE491A15877D0CD472E0065E75B,1574257146345
1,1,8DE48413587B80C185302045A811,1574257146612
1,1,8DE48A6F588314C9876C598E373A,1574257146655
1,1,8DE48413587DE0BA732F28AADD2D,1574257146982
1,1,8DE48A6F587DA4C1796D314B676B,1574257147132
1,1,8DE48A6F99406137C8B040594134,1574257147265
1,1,8DE491A199143239E8BC3B3F5B28,1574257147349
1,1,8DE48413587B74CFAD67C260B143,1574257147615
1,1,8DE48A6F99406338E8B443AE1ABB,1574257147845
1,1,8DE48413587D40BD9F2F9818B12F,1574257147984
1,1,8DE48A6F203CE176CB7C60A6876E,1574257148134
1,1,8DE48A6F587D14D2DD6D5679BDC3,1574257148266
1,1,8DE491A199143239C8BC3B7A2701,1574257148352
1,1,8F824A887D0A647AD30658469026,1574257148757
1,1,8DE48A6F588194CB056C82BCB791,1574257148846
1,1,8DE484139940743388683C329F0F,1574257148985
1,1,8DE48A6F587D80C40735BBA619E7,1574257149134
1,1,8DE491A15877A4DB8F659955821A,1574257149353
1,1,8DE48A6F587D00C56F35E1555E01,1574257149467
1,1,8D8982DA0FAA7A81D65154E03662,1574257149759
1,1,8DE48A6F588140BE41351FDB4D93,1574257149848
1,1,8DE48413587BF0BF512FD38459B8,1574257149988
1,1,8DE48A6F587D70C44F35C3A94470,1574257150254
1,1,8DE48A6F587BE4D38F6D6937C8AE,1574257150470
1,1,8DE491A199143239C8B83ABDE508,1574257150491
1,1,8DE4841399407333686C3C261DB3,1574257150990
1,1,8DE48A6F99406338A8B8436CB8E9,1574257151023
1,1,8DE48A6F99406137E8B440240B1D,1574257151256
1,1,8DE48A6F99406137A8B43F53F10F,1574257151473
1,1,8DE491A1587750CF0D2DE95FAAD9,1574257151497
1,1,8DE484139940763488BC3EBA1207,1574257151763
1,1,8DE48413587B80C185302045A811,1574257151996
1,1,8DE48A6F588120BE893526885C29,1574257152027
1,1,8DE48A6F99406137E8B440240B1D,1574257152257
1,1,8DE491A199143239C8B839420D1A,1574257152499
1,1,8DE48A6F587BC0C62335F48396B3,1574257152620
1,1,8DE48413587DE0BA732F28AADD2D,1574257152767
1,1,8DE48413587B74CFAD67C260B143,1574257152998
1,1,8DE48A6F588114CCC96CB22DF8BA,1574257153029
1,1,8DE48A6F99406137C8B040594134,1574257153258
1,1,8DE491A1587730CF712DE448CFAD,1574257153500
1,1,8DE48A6F587BB4D4516D7DE91EF8,1574257153622
1,1,8DE48413587D40BD9F2F9818B12F,1574257153769
1,1,8F824A887D0A647AD30658469026,1574257154120
1,1,8DE48A6F587D14D2DD6D5679BDC3,1574257154263
1,1,8DE48A6F99406338A8B44324E2E9,1574257154273
1,1,8DE491A199143139A8A438DFE03A,1574257154501
1,1,8DE48A6F9940613788B03F2EBB26,1574257154623
1,1,8DE484139940743388683C329F0F,1574257154771
1,1,8D8982DA0FAA7A81D65154E03662,1574257155121
1,1,8DE48A6F587FF4CD116CB9B4BF8F,1574257155277
1,1,8DE48A6F587D00C56F35E1555E01,1574257155385
1,1,8DE491A15875E4DE31657533EAF8,1574257155503
1,1,8DE48413587BF0BF512FD38459B8,1574257155771
1,1,8DE48A6F587B94D4996D8583CD6B,1574257155784
1,1,8DE48A6F99406338A8B8416CA4F2,1574257156281
1,1,8DE48A6F587BE4D38F6D6937C8AE,1574257156389
1,1,8DE491A15875C4DE936571E65B08,1574257156652
1,1,8DE4841399407333686C3C261DB3,1574257156773
1,1,8DE48A6F9940613768B03F0B3BF0,1574257156788
1,1,8DE484139940763488BC3EBA1207,1574257157129
1,1,8DE48A6F587FD4CD7D6CC5417B6A,1574257157282
1,1,8DE48A6F99406137A8B43F53F10F,1574257157389
1,1,8DE491A15875A0D1552DCB7CDCEC,1574257157653
1,1,8DE48413587B80C185302045A811,1574257157775
1,1,8DE48A6F203CE176CB7C60A6876E,1574257157789
1,1,8DE48413587DE0BA732F28AADD2D,1574257158131
1,1,8DE48A6F587FC0C00B354F8288F4,1574257158284
1,1,8DE48A6F587BC0C62335F48396B3,1574257158540
1,1,8DE491A1587594DF3B656801070A,1574257158655
1,1,8DE48413587B74CFAD67C260B143,1574257158776
1,1,8DE48A6F587B64D5496D980301F5,1574257158791
1,1,8DE48413587D40BD9F2F9818B12F,1574257159132
1,1,8DE48A6F587F84CE8B6CE11AA739,1574257159463
1,1,8DE48A6F587BB4D4516D7DE91EF8,1574257159541
1,1,8DE491A19914313988B037BDD25B,1574257159661
1,1,8DE48A6F9940603768B03F08313E,1574257159793
1,1,8F824A887D0A647AD30658469026,1574257159974
1,1,8DE484139940743388683C329F0F,1574257160134
1,1,8DE48A6F9940623868B840F0A6CA,1574257160464
1,1,8DE48A6F9940613788B03F2EBB26,1574257160542
1,1,8DE48A6F9940603748B03EB2B91E,1574257160795
1,1,8DE491A1587570D2112DC1359251,1574257160853
1,1,8D8982DA0FAA7A81D65154E03662,1574257160975
1,1,8DE48413587BF0BF512FD38459B8,1574257161138
1,1,8DE48A6F9940623868B440B8FCCA,1574257161465
1,1,8DE48A6F587B94D4996D8583CD6B,1574257161681
1,1,8DE48A6F587B40C7E53624888E68,1574257161797
1,1,8DE491A19914313968B837E83E8D,1574257161856
1,1,8DE4841399407333686C3C261DB3,1574257162139
1,1,8DE48A6F587F54CF3D6CF4183FF6,1574257162466
1,1,8DE48A6F9940613768B03F0B3BF0,1574257162684
1,1,8DE491A1587544E06F65595BF018,1574257162859
1,1,8DE484139940763488BC3EBA1207,1574257162980
1,1,8DE48A6F9940603748B03EB2B91E,1574257163017
1,1,8DE48413587B80C185302045A811,1574257163143
1,1,8DE48A6F9940623848B840B5DAE3,1574257163468
1,1,8DE48A6F203CE176CB7C60A6876E,1574257163685
1,1,8DE48413587DE0BA732F28AADD2D,1574257163983
1,1,8DE48A6F9940603748B03EB2B91E,1574257164019
1,1,8DE491A19914313968B4365F9084,1574257164028
1,1,8DE48413587B74CFAD67C260B143,1574257164145
1,1,8DE48A6F587F30C1D3357F929B81,1574257164469
1,1,8DE48A6F587B64D5496D980301F5,1574257164687
1,1,8DE48413587D40BD9F2F9818B12F,1574257164987
1,1,8DE48A6F5879F4D6BB6DBF3DFC14,1574257165020
1,1,8DE491A1587520D34B2DB1CC64A2,1574257165031
1,1,8F824A887D0A647AD30658469026,1574257165307
1,1,8DE48A6F9940623828B8407A5E98,1574257165627
1,1,8DE48A6F9940603768B03F08313E,1574257165688
1,1,8DE484139940743388683C329F0F,1574257165988
1,1,8DE48A6F99C0603728B03EECFA1A,1574257166022
1,1,8DE491A19914313968B03667A684,1574257166034
1,1,8D8982DA0FAA7A81D65154E03662,1574257166309
1,1,8DE48A6F9940623828B83F875CD8,1574257166629
1,1,8DE48A6F9940603748B03EB2B91E,1574257166689
1,1,8DE48413587BF0BF512FD38459B8,1574257166992
1,1,8DE48A6F5879B0C9C736578F6C26,1574257167024
1,1,8DE491A1587504E127654F562064,1574257167037
1,1,8DE48A6F587F14D0036D0938DFD9,1574257167629
1,1,8DE48A6F587B40C7E53624888E68,1574257167691
1,1,8DE4841399407333686C3C261DB3,1574257167993
1,1,8DE48A6F587980CA8B366C8F2CBB,1574257168229
1,1,8DE484139940763488BC3EBA1207,1574257168311
1,1,8DE491A15873F0D3F52DA8B5231B,1574257168399
1,1,8DE48A6F9940623828B43FCF06D8,1574257168632
1,1,8DE48A6F9940603748B03EB2B91E,1574257168833
1,1,8DE48413587B80C185302045A811,1574257168995
1,1,8DE48A6F99C05F36E8B03EE76C8C,1574257169230
1,1,8DE48413587DE0BA732F28AADD2D,1574257169313
1,1,8DE491A120501373E39C603B0D55,1574257169400
1,1,8DE48A6F587DA4C1796D314B676B,1574257169633
1,1,8DE48A6F9940603748B03EB2B91E,1574257169836
1,1,8DE48413587B74CFAD67C260B143,1574257169997
1,1,8DE48A6F99C05F36C8B03D5DF8B7,1574257170231
1,1,8DE48413587D40BD9F2F9818B12F,1574257170315
1,1,8DE491A15873D4E1E7654580F4F2,1574257170403
1,1,8DE48A6F203CE176CB7C60A6876E,1574257170635
1,1,8DE48A6F5879F4D6BB6DBF3DFC14,1574257170837
1,1,8F824A887D0A647AD30658469026,1574257171158
1,1,8DE48A6F99C06036E8A83BC88389,1574257171232
1,1,8DE484139940743388683C329F0F,1574257171316
1,1,8DE491A15873B0D4CF2D9E4855D4,1574257171405
1,1,8DE48A6F587D80C40735BBA619E7,1574257171636
1,1,8DE48A6F99C0603728B03EECFA1A,1574257171839
1,1,8D8982DA0FAA7A81D65154E03662,1574257172159
1,1,8DE48A6F203CE176CB7C60A6876E,1574257172233
1,1,8DE48413587BF0BF512FD38459B8,1574257172318
1,1,8DE491A199143139289C3764B4D6,1574257172407
1,1,8DE48A6F587D70C44F35C3A94470,1574257172761
1,1,8DE48A6F5879B0C9C736578F6C26,1574257172840
1,1,8DE48A6F587764DBC76E4898ACBB,1574257173235
1,1,8DE4841399407333686C3C261DB3,1574257173320
1,1,8DE491A1587394E255653F551AEE,1574257173578
1,1,8DE48A6F99406137E8B440240B1D,1574257173762
1,1,8DE48A6F587980CA8B366C8F2CBB,1574257174002
1,1,8DE484139940763488BC3EBA1207,1574257174163
1,1,8DE48413587B80C185302045A811,1574257174326
1,1,8DE48A6F99C0613748B83C5004B4,1574257174351
1,1,8DE491A199143139289C3964E097,1574257174582
1,1,8DE48A6F99406137E8B440240B1D,1574257174764
1,1,8DE48A6F99C05F36E8B03EE76C8C,1574257175007
1,1,8DE48413587DE0BA732F28AADD2D,1574257175168
1,1,8DE48413587B74CFAD67C260B143,1574257175331
1,1,8DE48A6F99C0613768BC3C2D4E9D,1574257175353
1,1,8D93D87078BA243956FA5D7263BA,1574257175584
1,1,8DE48A6F99406137C8B040594134,1574257175765
1,1,8DE48A6F99C05F36C8B03D5DF8B7,1574257176008
1,1,8DE48413587D40BD9F2F9818B12F,1574257176170
1,1,8DE48A6F5875F4DD396E6F7BAA49,1574257176355
1,1,8F824A887D0A647AD30658469026,1574257176516
1,1,8DE48A6F5883707BCF37E15401FB,1574257176589
1,1,8DE48A6F587D14D2DD6D5679BDC3,1574257176766
1,1,8DE48A6F99C06036E8A83BC88389,1574257177009
1,1,8DE484139940743388683C329F0F,1574257177172
1,1,8DE48A6F9940613788C03C73472F,1574257177356
1,1,8D8982DA0FAA7A81D65154E03662,1574257177518
1,1,8DE48A6F9944BDB1003C3CAAB443,1574257177592
1,1,8DE48A6F587D00C56F35E1555E01,1574257177920
1,1,8DE48A6F203CE176CB7C60A6876E,1574257178010
1,1,8DE48413587BF0BF512FD38459B8,1574257178173
1,1,8DE48A6F5875E4DD816E76A8FC88,1574257178357
1,1,8DE48A6F9944BDB120403C058671,1574257178595
1,1,8DE48A6F587BE4D38F6D6937C8AE,1574257178922
1,1,8DE48A6F587764DBC76E4898ACBB,1574257179011
1,1,8DE4841399407333686C3C261DB3,1574257179178
1,1,8DE48A6F99406137A8B43AAC3D30,1574257179362
1,1,8DE484139940763488BC3EBA1207,1574257179522
1,1,8DE49246587194A36770E92A9344,1574257179596
1,1,8DE48A6F99406137A8B43F53F10F,1574257179923
1,1,8DE48A6F99C0613748B83C5004B4,1574257180175
1,1,8DE48413587B80C185302045A811,1574257180180
1,1,8DE48A6F99406137C8AC3AF30D4B,1574257180363
1,1,8DE48413587DE0BA732F28AADD2D,1574257180526
1,1,8DE48A6F587BC0C62335F48396B3,1574257181107
1,1,8DE48A6F99C0613768BC3C2D4E9D,1574257181178
1,1,8DE48413587B74CFAD67C260B143,1574257181181
1,1,8DE48A6F99406137C8AC390CE559,1574257181365
1,1,8DE48413587D40BD9F2F9818B12F,1574257181527
1,1,8DE48A6F587BB4D4516D7DE91EF8,1574257182109
1,1,8DE48A6F5875F4DD396E6F7BAA49,1574257182180
1,1,8F824A887D0A647AD30658469026,1574257182322
1,1,8DE48A6F587584DEAD6E97912E01,1574257182366
1,1,8DE484139940743388683C329F0F,1574257182530
1,1,8DE48A6F9940613788B03F2EBB26,1574257183109
1,1,8DE48A6F9940613788C03C73472F,1574257183183
1,1,8D8982DA0FAA7A81D65154E03662,1574257183323
1,1,8DE48A6F99406237E8A4393CEA22,1574257183368
1,1,8DE48413587BF0BF512FD38459B8,1574257183531
1,1,8DE48A6F5875E4DD816E76A8FC88,1574257184184
1,1,8DE48A6F587B94D4996D8583CD6B,1574257184270
1,1,8DE48A6F99406237E8AC394C8622,1574257184368
1,1,8DE4841399407333686C3C261DB3,1574257184533
1,1,8DE48A6F99406137A8B43AAC3D30,1574257185186
1,1,8DE48A6F9940613768B03F0B3BF0,1574257185271
1,1,8DE484139940763488BC3EBA1207,1574257185329
1,1,8DE48A6F587150D80D37DB8874CC,1574257185370
1,1,8DE48413587B80C185302045A811,1574257185535
1,1,8DE48A6F99406137C8AC3AF30D4B,1574257186187
1,1,8DE48A6F203CE176CB7C60A6876E,1574257186273
1,1,8DE48413587DE0BA732F28AADD2D,1574257186331
1,1,8DE48413587B74CFAD67C260B143,1574257186537
1,1,8DE48A6F203CE176CB7C60A6876E,1574257186542
1,1,8DE48A6F99406137C8AC390CE559,1574257187188
1,1,8DE48A6F587B64D5496D980301F5,1574257187276
1,1,8DE48413587D40BD9F2F9818B12F,1574257187333
1,1,8DE48A6F99406237C8AC3909FA0B,1574257187544
1,1,8F824A887D0A647AD30658469026,1574257187658
1,1,8DE48A6F587584DEAD6E97912E01,1574257188190
1,1,8DE48A6F9940603768B03F08313E,1574257188278
1,1,8DE484139940743388683C329F0F,1574257188334
1,1,8DE48A6F587104E6A16F6F0D569F,1574257188544
1,1,8D8982DA0FAA7A81D65154E03662,1574257188659
1,1,8DE48A6F99406237E8A4393CEA22,1574257189190
1,1,8DE48A6F9940603748B03EB2B91E,1574257189279
1,1,8DE48413587BF0BF512FD38459B8,1574257189336
1,1,8DE48A6F99406237C8AC3909FA0B,1574257189546
1,1,8DE48A6F99406237E8AC394C8622,1574257190191
1,1,8DE48A6F587B40C7E53624888E68,1574257190281
1,1,8DE4841399407333686C3C261DB3,1574257190339
1,1,8DE48A6F586FE0D9893803CE0A20,1574257190547
1,1,8DE484139940763488BC3EBA1207,1574257190662
1,1,8DE48A6F587150D80D37DB8874CC,1574257191193
1,1,8DE48413587B80C185302045A811,1574257191342
1,1,8DE48413587DE0BA732F28AADD2D,1574257191663
1,1,8DE48A6F99406237C8AC3909FA0B,1574257191678
1,1,8DE48413587B74CFAD67C260B143,1574257192343
1,1,8DE48A6F203CE176CB7C60A6876E,1574257192369
1,1,8DE48413587D40BD9F2F9818B12F,1574257192665
1,1,8DE48A6F99406137A8AC39C36122,1574257192680
1,1,8DE48A6F99406237C8AC3909FA0B,1574257193373
1,1,8F824A887D0A647AD30658469026,1574257193483
1,1,8DE484139940743388683C329F0F,1574257193666
1,1,8DE48A6F586F90DA85381E87E4F2,1574257193683
1,1,8DE48A6F587104E6A16F6F0D569F,1574257194375
1,1,8D8982DA0FAA7A81D65154E03662,1574257194484
1,1,8DE48413587BF0BF512FD38459B8,1574257194668
1,1,8DE48A6F9940613788AC39861D0B,1574257194686
1,1,8DE48A6F99406237C8AC3909FA0B,1574257195376
1,1,8DE4841399407333686C3C261DB3,1574257195669
1,1,8DE48A6F586F80DB03382BA4A53D,1574257195687
1,1,8DE48A6F586FE0D9893803CE0A20,1574257196378
1,1,8DE484139940763488BC3EBA1207,1574257196493
1,1,8DE48413587B80C185302045A811,1574257196671
1,1,8DE485019940693348943E09BECB,1574257196687
1,1,8DE48413587DE0BA732F28AADD2D,1574257197494
1,1,8DE48A6F99406237C8AC3909FA0B,1574257197568
1,1,8DE48413587B74CFAD67C260B143,1574257197672
1,1,8DE48501589370B58F3270E7F6CD,1574257197691
1,1,8DE48413587D40BD9F2F9818B12F,1574257198496
1,1,8DE48A6F99406137A8AC39C36122,1574257198571
1,1,8DE485019940613328903D41E4A2,1574257198693
1,1,8F824A887D0A647AD30658469026,1574257198833
1,1,8DE484139940743388683C329F0F,1574257199498
1,1,8DE48A6F586F90DA85381E87E4F2,1574257199572
1,1,8DE485015881F0B75D32A5829E65,1574257199695
1,1,8D8982DA0FAA7A81D65154E03662,1574257199835
1,1,8DE48413587BF0BF512FD38459B8,1574257200500
1,1,8DE48A6F9940613788AC39861D0B,1574257200574
1,1,8DE485015881B0B84532C07DA93A,1574257200696
1,1,8DE4841399407333686C3C261DB3,1574257201501
1,1,8DE48A6F586F80DB03382BA4A53D,1574257201575
1,1,8DE485019940613308943B3C8AA6,1574257201697
1,1,8DE484139940763488BC3EBA1207,1574257201841
1,1,8DE48413587B80C185302045A811,1574257202503
1,1,8DE485019940693348943E09BECB,1574257202576
1,1,8DE4850199406132E8903CF51107,1574257202698
1,1,8DE48413587DE0BA732F28AADD2D,1574257202842
1,1,8DE48413587B74CFAD67C260B143,1574257203506
1,1,8DE48501589370B58F3270E7F6CD,1574257203578
1,1,8DE4850199406132C8903B4FBD0A,1574257203700
1,1,8DE48413587D40BD9F2F9818B12F,1574257203843
1,1,8DE485019940613328903D41E4A2,1574257204579
1,1,8F824A887D0A647AD30658469026,1574257204692
1,1,8DE48501588110BA7533015CDD45,1574257204701
1,1,8DE484139940743388683C329F0F,1574257204844
1,1,8DE485015881F0B75D32A5829E65,1574257205580
1,1,8D8982DA0FAA7A81D65154E03662,1574257205694
1,1,8DE48501588104C8BB6A95307F35,1574257205705
1,1,8DE48413587BF0BF512FD38459B8,1574257205847
1,1,8DE485015881B0B84532C07DA93A,1574257206584
1,1,8DE4850199406132C8903B4FBD0A,1574257206707
1,1,8DE4841399407333686C3C261DB3,1574257206849
1,1,8DE485019940613308943B3C8AA6,1574257207585
1,1,8DE484139940763488BC3EBA1207,1574257207698
1,1,8DE48501587FF0BB193314804379,1574257207708
1,1,8DE48413587B80C185302045A811,1574257207851
1,1,8DE4850199406132E8903CF51107,1574257208589
1,1,8DE48413587DE0BA732F28AADD2D,1574257208703
1,1,8DE4850199406132A8903A7FCD78,1574257208710
1,1,8DE48413587B74CFAD67C260B143,1574257208856
1,1,8DE4850199406132C8903B4FBD0A,1574257209591
1,1,8DE48413587D40BD9F2F9818B12F,1574257209707
1,1,8DE4850199406132A8903A7FCD78,1574257209711
1,1,8F824A887D0A647AD30658469026,1574257209991
1,1,8DE48501588110BA7533015CDD45,1574257210594
1,1,8DE484139940743388683C329F0F,1574257210709
1,1,8DE48501587F90BC61333A8DAC12,1574257210712
1,1,8D8982DA0FAA7A81D65154E03662,1574257210993
1,1,8DE48501588104C8BB6A95307F35,1574257211597
1,1,8DE48413587BF0BF512FD38459B8,1574257211711
1,1,8DE48501201CF332C78C20347B3D,1574257211713
1,1,8DE4850199406132C8903B4FBD0A,1574257212598
1,1,8DE4841399407333686C3C261DB3,1574257212714
1,1,8DE48501587F84CA9F6ACD2B69D5,1574257212893
1,1,8DE484139940763488BC3EBA1207,1574257212996
1,1,8DE48501587FF0BB193314804379,1574257213600
1,1,8DE48413587B80C185302045A811,1574257213716
1,1,8DE485019940613288903BC54558,1574257213897
1,1,8DE48413587DE0BA732F28AADD2D,1574257213998
1,1,8DE4850199406132A8903A7FCD78,1574257214601
1,1,8DE48413587B74CFAD67C260B143,1574257214718
1,1,8DE48501587F00BE8D337AEF99E7,1574257214899
1,1,8DE48413587D40BD9F2F9818B12F,1574257214999
1,1,8DE48A6F9940603748B03EB2B91E,1574257215027
1,1,8DE4850199406132A8903A7FCD78,1574257215603
1,1,8F824A887D0A647AD30658469026,1574257215852
1,1,8DE484139940743388683C329F0F,1574257216001
1,1,8DE48A6F9940603748B03EB2B91E,1574257216029
1,1,8DE485019940603268903A1C3B49,1574257216062
1,1,8DE48501587F90BC61333A8DAC12,1574257216604
1,1,8D8982DA0FAA7A81D65154E03662,1574257216853
1,1,8DE48413587BF0BF512FD38459B8,1574257217002
1,1,8DE48A6F5879F4D6BB6DBF3DFC14,1574257217030
1,1,8DE48501587DE4CCC16B0C85AFB7,1574257217065
1,1,8DE48501201CF332C78C20347B3D,1574257217606
1,1,8DE4841399407333686C3C261DB3,1574257218004
1,1,8DE48A6F99C0603728B03EECFA1A,1574257218031
1,1,8DE48501587DD4CD016B149FCB8F,1574257218066
1,1,8DE48501587F84CA9F6ACD2B69D5,1574257218798
1,1,8DE484139940763488BC3EBA1207,1574257218856
1,1,8DE48413587B80C185302045A811,1574257219005
1,1,8DE48A6F5879B0C9C736578F6C26,1574257219034
1,1,8DE4850199406032489039A6AF72,1574257219068
1,1,8DE485019940613288903BC54558,1574257219801
1,1,8DE48413587DE0BA732F28AADD2D,1574257219858
1,1,8DE48413587B74CFAD67C260B143,1574257220013
1,1,8FE491A199143239C8AC40D72787,1574257220068
1,1,8DE48A6F587980CA8B366C8F2CBB,1574257220210
1,1,8DE48501587F00BE8D337AEF99E7,1574257220802
1,1,8DE48413587D40BD9F2F9818B12F,1574257220859
1,1,8FE491A15887A4C2C166E4D98871,1574257221070
1,1,8F824A887D0A647AD30658469026,1574257221145
1,1,8DE48A6F99C05F36E8B03EE76C8C,1574257221211
1,1,8DE484139940743388683C329F0F,1574257221860
1,1,8DE485019940603268903A1C3B49,1574257221954
1,1,8FE491A199143339A8AC401BA932,1574257222071
1,1,8D8982DA0FAA7A81D65154E03662,1574257222148
1,1,8DE48A6F99C05F36C8B03D5DF8B7,1574257222212
1,1,8DE48413587BF0BF512FD38459B8,1574257222862
1,1,8DE48501587DE4CCC16B0C85AFB7,1574257222955
1,1,8FE491A1588770B57D2F3E63655F,1574257223073
1,1,8DE48A6F99C06036E8A83BC88389,1574257223213
1,1,8DE4841399407333686C3C261DB3,1574257223864
1,1,8DE48501587DD4CD016B149FCB8F,1574257223957
1,1,8FE491A199143339A8AC401BA932,1574257224074
1,1,8DE484139940763488BC3EBA1207,1574257224151
1,1,8DE48A6F203CE176CB7C60A6876E,1574257224216
1,1,8DE48413587B80C185302045A811,1574257224865
1,1,8DE4850199406032489039A6AF72,1574257224958
1,1,8FE491A199143339A8AC401BA932,1574257225077
1,1,8DE48413587DE0BA732F28AADD2D,1574257225153
1,1,8DE48A6F587764DBC76E4898ACBB,1574257225217
1,1,8DE48413587B74CFAD67C260B143,1574257225867
1,1,8FE491A199143239C8AC40D72787,1574257225962
1,1,8FE491A19914333988AC3FA3D75B,1574257226080
1,1,8DE48413587D40BD9F2F9818B12F,1574257226154
1,1,8DE48A6F99C0613748B83C5004B4,1574257226406
1,1,8FE491A15887A4C2C166E4D98871,1574257226964
1,1,8F824A887D0A647AD30658469026,1574257227032
1,1,8FE491A1588720B68D2F2FEAADDD,1574257227081
1,1,8DE484139940743388683C329F0F,1574257227156
1,1,8DE48A6F99C0613768BC3C2D4E9D,1574257227408
1,1,8FE491A199143339A8AC401BA932,1574257227965
1,1,8D8982DA0FAA7A81D65154E03662,1574257228034
1,1,8FE491A19914333988AC3FA3D75B,1574257228082
1,1,8DE48413587BF0BF512FD38459B8,1574257228157
1,1,8DE48A6F5875F4DD396E6F7BAA49,1574257228411
1,1,8FE491A1588770B57D2F3E63655F,1574257228966
1,1,8FE491A19914333988B03F0B555B,1574257229083
1,1,8DE4841399407333686C3C261DB3,1574257229158
1,1,8DE48A6F9940613788C03C73472F,1574257229413
1,1,8FE491A199143339A8AC401BA932,1574257229968
1,1,8DE484139940763488BC3EBA1207,1574257230038
1,1,8DE491A1588530B97D2F07F5C2D2,1574257230085
1,1,8DE48413587B80C185302045A811,1574257230160
1,1,8DE48A6F5875E4DD816E76A8FC88,1574257230414
1,1,8FE491A199143339A8AC401BA932,1574257230970
1,1,8DE48413587DE0BA732F28AADD2D,1574257231040
1,1,8DE491A15883A4C8D366918E7C49,1574257231098
1,1,8DE48413587B74CFAD67C260B143,1574257231162
1,1,8DE48A6F99406137A8B43AAC3D30,1574257231415
1,1,8FE491A19914333988AC3FA3D75B,1574257231972
1,1,8DE48413587D40BD9F2F9818B12F,1574257232041
1,1,8DE491A19914333968B84013593D,1574257232102
1,1,8DE48A6F99406137C8AC3AF30D4B,1574257232417
1,1,8F824A887D0A647AD30658469026,1574257232457
1,1,8FE491A1588720B68D2F2FEAADDD,1574257232973
1,1,8DE484139940743388683C329F0F,1574257233043
1,1,8DE491A19914303908B43B6CA262,1574257233103
1,1,8DE48A6F99406137C8AC390CE559,1574257233419
1,1,8D8982DA0FAA7A81D65154E03662,1574257233459
1,1,8FE491A19914333988AC3FA3D75B,1574257233975
1,1,8DE48413587BF0BF512FD38459B8,1574257234044
1,1,8DE491A1587D70C5432E6B57E030,1574257234104
1,1,8DE48A6F587584DEAD6E97912E01,1574257234421
1,1,8FE491A19914333988B03F0B555B,1574257234977
1,1,8DE4841399407333686C3C261DB3,1574257235046
1,1,8DE491A19914303928B43B29DE4B,1574257235105
1,1,8DE48A6F99406237E8A4393CEA22,1574257235422
1,1,8DE484139940763488BC3EBA1207,1574257235463
1,1,8DE491A1588530B97D2F07F5C2D2,1574257235981
1,1,8DE48413587B80C185302045A811,1574257236048
1,1,8DE491A1587D54D3776604233BBE,1574257236106
1,1,8DE48A6F99406237E8AC394C8622,1574257236426
1,1,8DE48413587DE0BA732F28AADD2D,1574257236464
1,1,8DE491A15883A4C8D366918E7C49,1574257236982
1,1,8DE48413587B74CFAD67C260B143,1574257237052
1,1,8DE491A19914313928B43B2AD485,1574257237107
1,1,8DE48A6F587150D80D37DB8874CC,1574257237426
1,1,8DE48413587D40BD9F2F9818B12F,1574257237466
1,1,8DE491A19914333968B84013593D,1574257237986
1,1,8DE491A120501373E39C603B0D55,1574257238109
1,1,8F824A887D0A647AD30658469026,1574257238215
1,1,8DE484139940743388683C329F0F,1574257238469
1,1,8DE48A6F203CE176CB7C60A6876E,1574257238564
1,1,8DE491A19914303908B43B6CA262,1574257238987
1,1,8D8982DA0FAA7A81D65154E03662,1574257239217
1,1,8DE491A1587D44D3C9660023C872,1574257239258
1,1,8DE48413587BF0BF512FD38459B8,1574257239473
1,1,8DE48A6F99406237C8AC3909FA0B,1574257239565
1,1,8DE491A1587D70C5432E6B57E030,1574257239989
1,1,8DE491A19914313948B83A52FEF7,1574257240260
1,1,8DE4841399407333686C3C261DB3,1574257240475
1,1,8DE48A6F587104E6A16F6F0D569F,1574257240567
1,1,8DE491A19914303928B43B29DE4B,1574257240992
1,1,8DE484139940763488BC3EBA1207,1574257241221
1,1,8DE491A1587D24D42965FB9E7A6B,1574257241262
1,1,8DE48413587B80C185302045A811,1574257241477
1,1,8DE48A6F99406237C8AC3909FA0B,1574257241568
1,1,8DE491A1587D54D3776604233BBE,1574257241993
1,1,8DE48413587DE0BA732F28AADD2D,1574257242224
1,1,8DE491A19914313968B83A1782DE,1574257242262
1,1,8DE48413587B74CFAD67C260B143,1574257242481
1,1,8DE48A6F586FE0D9893803CE0A20,1574257242569
1,1,8DE491A19914313928B43B2AD485,1574257242995
1,1,8DE48413587D40BD9F2F9818B12F,1574257243225
1,1,8DE491A1587994D90165BA6DD3DE,1574257243265
1,1,8F824A887D0A647AD30658469026,1574257243768
1,1,8DE491A120501373E39C603B0D55,1574257243997
1,1,8DE48A6F99406237C8AC3909FA0B,1574257244082
1,1,8DE484139940743388683C329F0F,1574257244228
1,1,8DE491A199143239E8C03A2AE13A,1574257244267
1,1,8D8982DA0FAA7A81D65154E03662,1574257244770
1,1,8DE48A6F99406137A8AC39C36122,1574257245084
1,1,8DE491A1587D44D3C9660023C872,1574257245124
1,1,8DE48413587BF0BF512FD38459B8,1574257245231
1,1,8DE491A1587974D96365B59F2626,1574257245268
1,1,8DE48A6F586F90DA85381E87E4F2,1574257246087
1,1,8DE491A19914313948B83A52FEF7,1574257246124
1,1,8DE4841399407333686C3C261DB3,1574257246232
1,1,8DE491A1587950CC272E1093C561,1574257246270
1,1,8DE484139940763488BC3EBA1207,1574257246773
1,1,8DE48A6F9940613788AC39861D0B,1574257247088
1,1,8DE491A1587D24D42965FB9E7A6B,1574257247126
1,1,8DE48413587B80C185302045A811,1574257247237
1,1,8DE491A199143239E8BC3AC0AF21,1574257247426
1,1,8DE48413587DE0BA732F28AADD2D,1574257247775
1,1,8DE48A6F586F80DB03382BA4A53D,1574257248092
1,1,8DE491A19914313968B83A1782DE,1574257248129
1,1,8DE48413587B74CFAD67C260B143,1574257248239
1,1,8DE491A199143239E8BC3CC08B0C,1574257248427
1,1,8DE48413587D40BD9F2F9818B12F,1574257248781
1,1,8DE485019940693348943E09BECB,1574257249093
1,1,8DE491A1587994D90165BA6DD3DE,1574257249131
1,1,8DE491A1587910CC472E0D61AE11,1574257249428
1,1,8F824A887D0A647AD30658469026,1574257249434
1,1,8DE484139940743388683C329F0F,1574257249783
1,1,8DE48501589370B58F3270E7F6CD,1574257250098
1,1,8DE491A199143239E8C03A2AE13A,1574257250132
1,1,8DE491A199143239E8BC3B3F5B28,1574257250430
1,1,8D8982DA0FAA7A81D65154E03662,1574257250436
1,1,8DE48413587BF0BF512FD38459B8,1574257250784
1,1,8DE485019940613328903D41E4A2,1574257251105
1,1,8DE491A1587974D96365B59F2626,1574257251133
1,1,8DE491A15877F0CCCF2E06ABC140,1574257251431
1,1,8DE4841399407333686C3C261DB3,1574257251786
1,1,8DE485015881F0B75D32A5829E65,1574257252106
1,1,8DE491A1587950CC272E1093C561,1574257252137
1,1,8DE491A199143239E8BC3B3F5B28,1574257252432
1,1,8DE484139940763488BC3EBA1207,1574257252439
1,1,8DE48413587B80C185302045A811,1574257252787
1,1,8DE485015881B0B84532C07DA93A,1574257253108
1,1,8DE491A199143239E8BC3AC0AF21,1574257253318
1,1,8DE491A120501373E39C603B0D55,1574257253435
1,1,8DE48413587DE0BA732F28AADD2D,1574257253440
1,1,8DE48413587B74CFAD67C260B143,1574257253789
1,1,8DE485019940613308943B3C8AA6,1574257254109
1,1,8DE491A199143239E8BC3CC08B0C,1574257254319
1,1,8DE491A15877D0CD472E0065E75B,1574257254436
1,1,8DE48413587D40BD9F2F9818B12F,1574257254441
1,1,8F824A887D0A647AD30658469026,1574257254928
1,1,8DE4850199406132E8903CF51107,1574257255109
1,1,8DE491A1587910CC472E0D61AE11,1574257255320
1,1,8DE491A199143239E8BC3B3F5B28,1574257255437
1,1,8DE484139940743388683C329F0F,1574257255443
1,1,8D8982DA0FAA7A81D65154E03662,1574257255931
1,1,8DE4850199406132C8903B4FBD0A,1574257256111
1,1,8DE491A199143239E8BC3B3F5B28,1574257256323
1,1,8DE491A199143239C8BC3B7A2701,1574257256439
1,1,8DE48413587BF0BF512FD38459B8,1574257256446
1,1,8DE48501588110BA7533015CDD45,1574257257112
1,1,8DE491A15877F0CCCF2E06ABC140,1574257257325
1,1,8DE491A15877A4DB8F659955821A,1574257257443
1,1,8DE4841399407333686C3C261DB3,1574257257453
1,1,8DE484139940763488BC3EBA1207,1574257257935
1,1,8DE48501588104C8BB6A95307F35,1574257258113
1,1,8DE491A199143239E8BC3B3F5B28,1574257258326
1,1,8DE48413587B80C185302045A811,1574257258455
1,1,8DE491A199143239C8B83ABDE508,1574257258603
1,1,8DE48413587DE0BA732F28AADD2D,1574257258937
1,1,8DE4850199406132C8903B4FBD0A,1574257259115
1,1,8DE491A120501373E39C603B0D55,1574257259327
1,1,8DE48413587B74CFAD67C260B143,1574257259457
1,1,8DE491A1587750CF0D2DE95FAAD9,1574257259608
1,1,8DE48413587D40BD9F2F9818B12F,1574257259938
1,1,8DE48501587FF0BB193314804379,1574257260117
1,1,8DE491A15877D0CD472E0065E75B,1574257260328
1,1,8F824A887D0A647AD30658469026,1574257260605
1,1,8DE491A199143239C8B839420D1A,1574257260609
1,1,8DE484139940743388683C329F0F,1574257260939
1,1,8DE4850199406132A8903A7FCD78,1574257261118
1,1,8DE491A199143239E8BC3B3F5B28,1574257261329
1,1,8D8982DA0FAA7A81D65154E03662,1574257261607
1,1,8DE491A1587730CF712DE448CFAD,1574257261610
1,1,8DE48413587BF0BF512FD38459B8,1574257261942
1,1,8DE4850199406132A8903A7FCD78,1574257262119
1,1,8DE491A199143239C8BC3B7A2701,1574257262331
1,1,8DE491A199143139A8A438DFE03A,1574257262611
1,1,8DE4841399407333686C3C261DB3,1574257262945
1,1,8DE48501587F90BC61333A8DAC12,1574257263123
1,1,8DE491A15877A4DB8F659955821A,1574257263335
1,1,8DE484139940763488BC3EBA1207,1574257263611
1,1,8DE491A15875E4DE31657533EAF8,1574257263613
1,1,8DE48413587B80C185302045A811,1574257263947
1,1,8DE48501201CF332C78C20347B3D,1574257264124
1,1,8DE491A199143239C8B83ABDE508,1574257264591
1,1,8DE48413587DE0BA732F28AADD2D,1574257264619
1,1,8DE491A15875C4DE936571E65B08,1574257264771
1,1,8DE48413587B74CFAD67C260B143,1574257264949
1,1,8DE48501587F84CA9F6ACD2B69D5,1574257265256
1,1,8DE491A1587750CF0D2DE95FAAD9,1574257265593
1,1,8DE48413587D40BD9F2F9818B12F,1574257265624
1,1,8DE491A15875A0D1552DCB7CDCEC,1574257265773
1,1,8F824A887D0A647AD30658469026,1574257266066
1,1,8DE485019940613288903BC54558,1574257266258
1,1,8DE491A199143239C8B839420D1A,1574257266594
1,1,8DE484139940743388683C329F0F,1574257266626
1,1,8DE491A1587594DF3B656801070A,1574257266775
1,1,8D8982DA0FAA7A81D65154E03662,1574257267068
1,1,8DE48501587F00BE8D337AEF99E7,1574257267260
1,1,8DE491A1587730CF712DE448CFAD,1574257267596
1,1,8DE48413587BF0BF512FD38459B8,1574257267627
1,1,8DE491A19914313988B037BDD25B,1574257267776
1,1,8DE485019940603268903A1C3B49,1574257268432
1,1,8DE491A199143139A8A438DFE03A,1574257268597
1,1,8DE4841399407333686C3C261DB3,1574257268633
1,1,8DE491A1587570D2112DC1359251,1574257268906
1,1,8DE484139940763488BC3EBA1207,1574257269073
1,1,8DE48501587DE4CCC16B0C85AFB7,1574257269434
1,1,8DE491A15875E4DE31657533EAF8,1574257269603
1,1,8DE48413587B80C185302045A811,1574257269635
1,1,8DE491A19914313968B837E83E8D,1574257269910
1,1,8DE48413587DE0BA732F28AADD2D,1574257270076
1,1,8DE48501587DD4CD016B149FCB8F,1574257270436
1,1,8DE48413587B74CFAD67C260B143,1574257270639
1,1,8DE491A15875C4DE936571E65B08,1574257270748
1,1,8DE491A1587544E06F65595BF018,1574257270911
1,1,8DE48413587D40BD9F2F9818B12F,1574257271077
1,1,8DE4850199406032489039A6AF72,1574257271438
1,1,8DE491A15875A0D1552DCB7CDCEC,1574257271750
1,1,8F824A887D0A647AD30658469026,1574257271757
1,1,8DE491A19914313968B4365F9084,1574257272076
1,1,8DE484139940743388683C329F0F,1574257272079
1,1,8FE491A199143239C8AC40D72787,1574257272439
1,1,8DE491A1587594DF3B656801070A,1574257272755
1,1,8D8982DA0FAA7A81D65154E03662,1574257272758
1,1,8DE491A1587520D34B2DB1CC64A2,1574257273078
1,1,8DE48413587BF0BF512FD38459B8,1574257273082
1,1,8FE491A15887A4C2C166E4D98871,1574257273440
1,1,8DE491A19914313988B037BDD25B,1574257273757
1,1,8DE491A19914313968B03667A684,1574257274079
1,1,8DE4841399407333686C3C261DB3,1574257274085
1,1,8FE491A199143339A8AC401BA932,1574257274442
1,1,8DE484139940763488BC3EBA1207,1574257274762
1,1,8DE491A1587570D2112DC1359251,1574257274900
1,1,8DE491A1587504E127654F562064,1574257275080
1,1,8DE48413587B80C185302045A811,1574257275087
1,1,8FE491A1588770B57D2F3E63655F,1574257275443
1,1,8DE48413587DE0BA732F28AADD2D,1574257275765
1,1,8DE491A19914313968B837E83E8D,1574257275903
1,1,8DE48413587B74CFAD67C260B143,1574257276088
1,1,8DE491A15873F0D3F52DA8B5231B,1574257276214
1,1,8FE491A199143339A8AC401BA932,1574257276445
1,1,8DE48413587D40BD9F2F9818B12F,1574257276766
1,1,8DE491A1587544E06F65595BF018,1574257276904
1,1,8DE491A120501373E39C603B0D55,1574257277216
1,1,8F824A887D0A647AD30658469026,1574257277227
1,1,8FE491A199143339A8AC401BA932,1574257277447
1,1,8DE484139940743388683C329F0F,1574257277768
1,1,8DE491A19914313968B4365F9084,1574257278067
1,1,8DE491A15873D4E1E7654580F4F2,1574257278218
1,1,8D8982DA0FAA7A81D65154E03662,1574257278230
1,1,8FE491A19914333988AC3FA3D75B,1574257278448
1,1,8DE48413587BF0BF512FD38459B8,1574257278770
1,1,8DE491A1587520D34B2DB1CC64A2,1574257279070
1,1,8DE491A15873B0D4CF2D9E4855D4,1574257279220
1,1,8FE491A1588720B68D2F2FEAADDD,1574257279451
1,1,8DE4841399407333686C3C261DB3,1574257279772
1,1,8DE491A19914313968B03667A684,1574257280072
1,1,8DE491A199143139289C3764B4D6,1574257280221
1,1,8DE484139940763488BC3EBA1207,1574257280232
1,1,8FE491A19914333988AC3FA3D75B,1574257280454
1,1,8DE48413587B80C185302045A811,1574257280773
1,1,8DE491A1587504E127654F562064,1574257281075
1,1,8DE48413587DE0BA732F28AADD2D,1574257281235
1,1,8DE491A1587394E255653F551AEE,1574257281355
1,1,8FE491A19914333988B03F0B555B,1574257281455
1,1,8DE48413587B74CFAD67C260B143,1574257281775
1,1,8DE491A15873F0D3F52DA8B5231B,1574257282213
1,1,8DE48413587D40BD9F2F9818B12F,1574257282237
1,1,8DE491A199143139289C3964E097,1574257282356
1,1,8DE491A1588530B97D2F07F5C2D2,1574257282456
1,1,8F824A887D0A647AD30658469026,1574257282925
1,1,8DE491A120501373E39C603B0D55,1574257283216
1,1,8DE484139940743388683C329F0F,1574257283239
1,1,8D93D87078BA243956FA5D7263BA,1574257283368
1,1,8DE491A15883A4C8D366918E7C49,1574257283458
1,1,8D8982DA0FAA7A81D65154E03662,1574257283930
1,1,8DE491A15873D4E1E7654580F4F2,1574257284220
1,1,8DE48413587BF0BF512FD38459B8,1574257284241
1,1,8DE48A6F5883707BCF37E15401FB,1574257284369
1,1,8DE491A19914333968B84013593D,1574257284461
1,1,8DE491A15873B0D4CF2D9E4855D4,1574257285221
1,1,8DE4841399407333686C3C261DB3,1574257285242
1,1,8DE48A6F9944BDB1003C3CAAB443,1574257285371
1,1,8DE491A19914303908B43B6CA262,1574257285463
1,1,8DE484139940763488BC3EBA1207,1574257285934
1,1,8DE491A199143139289C3764B4D6,1574257286223
1,1,8DE48413587B80C185302045A811,1574257286244
1,1,8DE48A6F9944BDB120403C058671,1574257286374
1,1,8DE491A1587D70C5432E6B57E030,1574257286464
1,1,8DE48413587DE0BA732F28AADD2D,1574257286936
1,1,8DE48413587B74CFAD67C260B143,1574257287246
1,1,8DE49246587194A36770E92A9344,1574257287379
1,1,8DE491A1587394E255653F551AEE,1574257287384
1,1,8DE491A19914303928B43B29DE4B,1574257287465
1,1,8DE48413587D40BD9F2F9818B12F,1574257287941
1,1,8DE491A199143139289C3964E097,1574257288386
1,1,8F824A887D0A647AD30658469026,1574257288441
1,1,8DE491A1587D54D3776604233BBE,1574257288465
1,1,8DE484139940743388683C329F0F,1574257288942
1,1,8D93D87078BA243956FA5D7263BA,1574257289390
1,1,8D8982DA0FAA7A81D65154E03662,1574257289444
1,1,8DE491A19914313928B43B2AD485,1574257289467
1,1,8DE48413587BF0BF512FD38459B8,1574257289944
1,1,8DE48A6F5883707BCF37E15401FB,1574257290391
1,1,8DE491A120501373E39C603B0D55,1574257290470
1,1,8DE4841399407333686C3C261DB3,1574257290946
1,1,8DE48A6F9944BDB1003C3CAAB443,1574257291391
1,1,8DE484139940763488BC3EBA1207,1574257291456
1,1,8DE491A1587D44D3C9660023C872,1574257291637
1,1,8DE48413587B80C185302045A811,1574257291957
1,1,8DE48A6F9944BDB120403C058671,1574257292393
1,1,8DE48413587DE0BA732F28AADD2D,1574257292457
1,1,8DE491A19914313948B83A52FEF7,1574257292638
1,1,8DE48413587B74CFAD67C260B143,1574257292959
1,1,8DE49246587194A36770E92A9344,1574257293396
1,1,8DE48413587D40BD9F2F9818B12F,1574257293459
1,1,8DE491A1587D24D42965FB9E7A6B,1574257293639
1,1,8F824A887D0A647AD30658469026,1574257294112
1,1,8DE484139940743388683C329F0F,1574257294460
1,1,8DE491A19914313968B83A1782DE,1574257294641
1,1,8D8982DA0FAA7A81D65154E03662,1574257295114
1,1,8DE48413587BF0BF512FD38459B8,1574257295463
1,1,8DE491A1587994D90165BA6DD3DE,1574257295646
1,1,8DE4841399407333686C3C261DB3,1574257296465
1,1,8DE491A199143239E8C03A2AE13A,1574257296647
1,1,8DE484139940763488BC3EBA1207,1574257297117
1,1,8DE48413587B80C185302045A811,1574257297467
1,1,8DE491A1587974D96365B59F2626,1574257297649
1,1,8DE48413587DE0BA732F28AADD2D,1574257298120
1,1,8DE48413587B74CFAD67C260B143,1574257298469
1,1,8DE491A1587950CC272E1093C561,1574257298650
1,1,8DE48413587D40BD9F2F9818B12F,1574257299121
1,1,8F824A887D0A647AD30658469026,1574257299620
1,1,8DE491A199143239E8BC3AC0AF21,1574257299803
1,1,8DE484139940743388683C329F0F,1574257300123
1,1,8D8982DA0FAA7A81D65154E03662,1574257300622
1,1,8DE491A199143239E8BC3CC08B0C,1574257300805
1,1,8DE48413587BF0BF512FD38459B8,1574257301124
1,1,8DE491A1587910CC472E0D61AE11,1574257301806
1,1,8DE4841399407333686C3C261DB3,1574257302126
1,1,8DE484139940763488BC3EBA1207,1574257302625
1,1,8DE491A199143239E8BC3B3F5B28,1574257302811
1,1,8DE48413587B80C185302045A811,1574257303128
1,1,8DE48413587DE0BA732F28AADD2D,1574257303627
1,1,8DE491A15877F0CCCF2E06ABC140,1574257303812
1,1,8DE48413587B74CFAD67C260B143,1574257304130
1,1,8DE48413587D40BD9F2F9818B12F,1574257304629
1,1,8DE491A199143239E8BC3B3F5B28,1574257304813
1,1,8F824A887D0A647AD30658469026,1574257305271
1,1,8DE484139940743388683C329F0F,1574257305631
1,1,8DE491A120501373E39C603B0D55,1574257305815
1,1,8D8982DA0FAA7A81D65154E03662,1574257306273
1,1,8DE48413587BF0BF512FD38459B8,1574257306638
1,1,8DE491A15877D0CD472E0065E75B,1574257306815
1,1,8DE4841399407333686C3C261DB3,1574257307640
1,1,8DE491A199143239E8BC3B3F5B28,1574257307818
1,1,8DE484139940763488BC3EBA1207,1574257308278
1,1,8DE48413587B80C185302045A811,1574257308641
1,1,8DE491A199143239C8BC3B7A2701,1574257308819
1,1,8DE48413587DE0BA732F28AADD2D,1574257309280
1,1,8DE48413587B74CFAD67C260B143,1574257309643
1,1,8DE491A15877A4DB8F659955821A,1574257309820
1,1,8DE48413587D40BD9F2F9818B12F,1574257310284
1,1,8F824A887D0A647AD30658469026,1574257310805
1,1,8DE491A199143239C8B83ABDE508,1574257310957
1,1,8DE484139940743388683C329F0F,1574257311285
1,1,8D8982DA0FAA7A81D65154E03662,1574257311806
1,1,8DE491A1587750CF0D2DE95FAAD9,1574257311958
1,1,8DE48413587BF0BF512FD38459B8,1574257312287
1,1,8DE491A199143239C8B839420D1A,1574257312960
1,1,8DE4841399407333686C3C261DB3,1574257313288
1,1,8DE484139940763488BC3EBA1207,1574257313810
1,1,8DE491A1587730CF712DE448CFAD,1574257313961
1,1,8DE48413587B80C185302045A811,1574257314289
1,1,8DE48413587DE0BA732F28AADD2D,1574257314811
1,1,8DE491A199143139A8A438DFE03A,1574257314963
1,1,8DE48413587B74CFAD67C260B143,1574257315290
1,1,8DE48413587D40BD9F2F9818B12F,1574257315814
1,1,8DE491A15875E4DE31657533EAF8,1574257315965
1,1,8F824A887D0A647AD30658469026,1574257316420
1,1,8DE484139940743388683C329F0F,1574257316817
1,1,8DE491A15875C4DE936571E65B08,1574257317119
1,1,8D8982DA0FAA7A81D65154E03662,1574257317422
1,1,8DE48413587BF0BF512FD38459B8,1574257317819
1,1,8DE491A15875A0D1552DCB7CDCEC,1574257318120
1,1,8DE4841399407333686C3C261DB3,1574257318821
1,1,8DE491A1587594DF3B656801070A,1574257319121
1,1,8DE484139940763488BC3EBA1207,1574257319427
1,1,8DE48413587B80C185302045A811,1574257319822
1,1,8DE491A19914313988B037BDD25B,1574257320123
1,1,8DE48413587DE0BA732F28AADD2D,1574257320428
1,1,8DE48413587B74CFAD67C260B143,1574257320823
1,1,8DE491A1587570D2112DC1359251,1574257321283
1,1,8DE48413587D40BD9F2F9818B12F,1574257321429
1,1,8F824A887D0A647AD30658469026,1574257321963
1,1,8DE491A19914313968B837E83E8D,1574257322284
1,1,8DE484139940743388683C329F0F,1574257322431
1,1,8D8982DA0FAA7A81D65154E03662,1574257322965
1,1,8DE491A1587544E06F65595BF018,1574257323285
1,1,8DE48413587BF0BF512FD38459B8,1574257323433
1,1,8DE4841399407333686C3C261DB3,1574257324435
1,1,8DE491A19914313968B4365F9084,1574257324691
1,1,8DE484139940763488BC3EBA1207,1574257324970
1,1,8DE48413587B80C185302045A811,1574257325438
1,1,8DE491A1587520D34B2DB1CC64A2,1574257325691
1,1,8DE48413587DE0BA732F28AADD2D,1574257325979
1,1,8DE48413587B74CFAD67C260B143,1574257326439
1,1,8DE491A19914313968B03667A684,1574257326693
1,1,8DE48413587D40BD9F2F9818B12F,1574257326980
1,1,8F824A887D0A647AD30658469026,1574257327601
1,1,8DE491A1587504E127654F562064,1574257327695
1,1,8DE484139940743388683C329F0F,1574257327982
1,1,8D8982DA0FAA7A81D65154E03662,1574257328603
1,1,8DE491A15873F0D3F52DA8B5231B,1574257328858
1,1,8DE48413587BF0BF512FD38459B8,1574257328983
1,1,8DE491A120501373E39C603B0D55,1574257329859
1,1,8DE4841399407333686C3C261DB3,1574257329986
1,1,8DE484139940763488BC3EBA1207,1574257330609
1,1,8DE491A15873D4E1E7654580F4F2,1574257330861
1,1,8DE48413587B80C185302045A811,1574257330987
1,1,8DE48413587DE0BA732F28AADD2D,1574257331612
1,1,8DE491A15873B0D4CF2D9E4855D4,1574257331863
1,1,8DE48413587B74CFAD67C260B143,1574257331988
1,1,8DE48413587D40BD9F2F9818B12F,1574257332615
1,1,8DE491A199143139289C3764B4D6,1574257332865
1,1,8F824A887D0A647AD30658469026,1574257333182
1,1,8DE484139940743388683C329F0F,1574257333617
1,1,8DE491A1587394E255653F551AEE,1574257334001
1,1,8D8982DA0FAA7A81D65154E03662,1574257334184
1,1,8DE48413587BF0BF512FD38459B8,1574257334619
1,1,8DE491A199143139289C3964E097,1574257335002
1,1,8DE4841399407333686C3C261DB3,1574257335620
1,1,8D93D87078BA243956FA5D7263BA,1574257336003
1,1,8DE484139940763488BC3EBA1207,1574257336189
1,1,8DE48413587B80C185302045A811,1574257336622
1,1,8DE48A6F5883707BCF37E15401FB,1574257337003
1,1,8DE48413587DE0BA732F28AADD2D,1574257337190
1,1,8DE48413587B74CFAD67C260B143,1574257337623
1,1,8DE48A6F9944BDB1003C3CAAB443,1574257338005
1,1,8DE48413587D40BD9F2F9818B12F,1574257338192
1,1,8F824A887D0A647AD30658469026,1574257338836
1,1,8DE48A6F9944BDB120403C058671,1574257339006
1,1,8DE484139940743388683C329F0F,1574257339194
1,1,8D8982DA0FAA7A81D65154E03662,1574257339837
1,1,8DE49246587194A36770E92A9344,1574257340007
1,1,8DE48413587BF0BF512FD38459B8,1574257340196
1,1,8DE4841399407333686C3C261DB3,1574257341200
1,1,8DE484139940763488BC3EBA1207,1574257341840
1,1,8DE48413587B80C185302045A811,1574257342202
1,1,8DE48413587DE0BA732F28AADD2D,1574257342841
1,1,8DE48413587B74CFAD67C260B143,1574257343204
1,1,8DE48413587D40BD9F2F9818B12F,1574257343842
1,1,8F824A887D0A647AD30658469026,1574257344314
1,1,8DE484139940743388683C329F0F,1574257344844
1,1,8D8982DA0FAA7A81D65154E03662,1574257345316
1,1,8DE48413587BF0BF512FD38459B8,1574257345846
1,1,8DE4841399407333686C3C261DB3,1574257346847
1,1,8DE484139940763488BC3EBA1207,1574257347319
1,1,8DE48413587B80C185302045A811,1574257347850
1,1,8DE48413587DE0BA732F28AADD2D,1574257348321
1,1,8DE48413587B74CFAD67C260B143,1574257348851
1,1,8DE48413587D40BD9F2F9818B12F,1574257349322
1,1,8F824A887D0A647AD30658469026,1574257350021
1,1,8DE484139940743388683C329F0F,1574257350325
1,1,8D8982DA0FAA7A81D65154E03662,1574257351024
1,1,8DE48413587BF0BF512FD38459B8,1574257351326
1,1,8DE4841399407333686C3C261DB3,1574257352328
1,1,8DE484139940763488BC3EBA1207,1574257353029
1,1,8DE48413587B80C185302045A811,1574257353332
1,1,8DE48413587DE0BA732F28AADD2D,1574257354033
1,1,8DE48413587B74CFAD67C260B143,1574257354333
1,1,8DE48413587D40BD9F2F9818B12F,1574257355034
1,1,8F824A887D0A647AD30658469026,1574257355540
1,1,8DE484139940743388683C329F0F,1574257356036
1,1,8D8982DA0FAA7A81D65154E03662,1574257356541
1,1,8DE48413587BF0BF512FD38459B8,1574257357037
1,1,8DE4841399407333686C3C261DB3,1574257358039
1,1,8DE484139940763488BC3EBA1207,1574257358544
1,1,8DE48413587B80C185302045A811,1574257359041
1,1,8DE48413587DE0BA732F28AADD2D,1574257359549
1,1,8DE48413587B74CFAD67C260B143,1574257360044
1,1,8DE48413587D40BD9F2F9818B12F,1574257360552
1,1,8F824A887D0A647AD30658469026,1574257361139
1,1,8DE484139940743388683C329F0F,1574257361553
1,1,8D8982DA0FAA7A81D65154E03662,1574257362141
1,1,8DE48413587BF0BF512FD38459B8,1574257362555
1,1,8DE4841399407333686C3C261DB3,1574257363558
1,1,8DE484139940763488BC3EBA1207,1574257364143
1,1,8DE48413587B80C185302045A811,1574257364561
1,1,8DE48413587DE0BA732F28AADD2D,1574257365148
1,1,8DE48413587B74CFAD67C260B143,1574257365562
1,1,8DE48413587D40BD9F2F9818B12F,1574257366149
1,1,8F824A887D0A647AD30658469026,1574257366673
1,1,8DE484139940743388683C329F0F,1574257367151
1,1,8D8982DA0FAA7A81D65154E03662,1574257367674
1,1,8DE48413587BF0BF512FD38459B8,1574257368153
1,1,8DE4841399407333686C3C261DB3,1574257369156
1,1,8DE484139940763488BC3EBA1207,1574257369677
1,1,8DE48413587B80C185302045A811,1574257370158
1,1,8DE48413587DE0BA732F28AADD2D,1574257370679
1,1,8DE48413587B74CFAD67C260B143,1574257371161
1,1,8DE48413587D40BD9F2F9818B12F,1574257371681
1,1,8F824A887D0A647AD30658469026,1574257372280
1,1,8DE484139940743388683C329F0F,1574257372683
1,1,8D8982DA0FAA7A81D65154E03662,1574257373282
1,1,8DE48413587BF0BF512FD38459B8,1574257373684
1,1,8DE4841399407333686C3C261DB3,1574257374688
1,1,8DE484139940763488BC3EBA1207,1574257375285
1,1,8DE48413587B80C185302045A811,1574257375696
1,1,8DE48413587DE0BA732F28AADD2D,1574257376286
1,1,8DE48413587B74CFAD67C260B143,1574257376697
1,1,8DE48413587D40BD9F2F9818B12F,1574257377288
1,1,8F824A887D0A647AD30658469026,1574257377816
1,1,8DE484139940743388683C329F0F,1574257378290
1,1,8D8982DA0FAA7A81D65154E03662,1574257378818
1,1,8DE48413587BF0BF512FD38459B8,1574257379292
1,1,8DE4841399407333686C3C261DB3,1574257380293
1,1,8DE484139940763488BC3EBA1207,1574257380820
1,1,8DE48413587B80C185302045A811,1574257381295
1,1,8DE48413587DE0BA732F28AADD2D,1574257381823
1,1,8DE48413587B74CFAD67C260B143,1574257382296
1,1,8DE48413587D40BD9F2F9818B12F,1574257382825
1,1,8F824A887D0A647AD30658469026,1574257383414
1,1,8DE484139940743388683C329F0F,1574257383827
1,1,8D8982DA0FAA7A81D65154E03662,1574257384416
1,1,8DE48413587BF0BF512FD38459B8,1574257384829
1,1,8DE4841399407333686C3C261DB3,1574257385831
1,1,8DE484139940763488BC3EBA1207,1574257386419
1,1,8DE48413587B80C185302045A811,1574257386832
1,1,8DE48413587DE0BA732F28AADD2D,1574257387421
1,1,8DE48413587B74CFAD67C260B143,1574257387834
1,1,8DE48413587D40BD9F2F9818B12F,1574257388423
1,1,8F824A887D0A647AD30658469026,1574257388936
1,1,8DE484139940743388683C329F0F,1574257389424
1,1,8D8982DA0FAA7A81D65154E03662,1574257389940
1,1,8DE48413587BF0BF512FD38459B8,1574257390427
1,1,8DE4841399407333686C3C261DB3,1574257391429
1,1,8DE484139940763488BC3EBA1207,1574257391943
1,1,8DE48413587B80C185302045A811,1574257392430
1,1,8DE48413587DE0BA732F28AADD2D,1574257394235
1,1,8DE48413587B74CFAD67C260B143,1574257394235
1,1,8DE48413587D40BD9F2F9818B12F,1574257395267
1,1,8DE484139940743388683C329F0F,1574257396270
1,1,8F824A887D0A647AD30658469026,1574257397051
