0,1,8DE4926AE11D9C0000000076333A,1574218481535
0,1,8DE4926AEA428860013F8844C6E9,1574218505789
0,1,8DE4926AF823000200497819B5F8,1574218507913
0,1,8DE4926AE11D9C0000000076333A,1574218521900
0,1,8DE4926AEA428860013F8844C6E9,1574218543181
0,1,8DE4926AF823000200497819B5F8,1574218548255
0,1,8DE4926AEA428860013F8844C6E9,1574218548256
0,1,8DE4926AEA428860013F8844C6E9,1574218550652
0,1,8DE4926AF823000200497819B5F8,1574218553054
0,1,8DE4926AE11D9C0000000076333A,1574218562134
0,1,8DE4926AEA428860013F8844C6E9,1574218567985
0,1,8DE4926AF823000200497819B5F8,1574218568387
0,1,8DE4926AE11D9C0000000076333A,1574218572263
0,1,8DE4926AEA428860013F8844C6E9,1574218573064
0,1,8DE4926AE11D9C0000000076333A,1574218582293
0,1,8DE4926AEA428860013F8844C6E9,1574218584286
0,1,8DE4926AEA428860013F8844C6E9,1574218587225
0,1,8DE4926AE11D9C0000000076333A,1574218587358
0,1,8DE4926AF823000200497819B5F8,1574218588429
0,1,8DE4926AEA428860013F8844C6E9,1574218589500
0,1,8DE4926AEA428860013F8844C6E9,1574218590571
0,1,8DE4926AEA428860013F8844C6E9,1574218592170
0,1,8DE4926AEA428860013F8844C6E9,1574218595493
0,1,8DE4926AEA428860013F8844C6E9,1574218602972
0,1,8DE4926AF823000200497819B5F8,1574218603240
0,1,8DE4926AEA428860013F8844C6E9,1574218605779
0,1,8DE4926AEA428860013F8844C6E9,1574218606844
0,1,8DE4926AF823000200497819B5F8,1574218608040
0,1,8DE4926AEA428860013F8844C6E9,1574218608304
0,1,8DE4926AF823000200497819B5F8,1574218613082
0,1,8DE4926AEA428860013F8844C6E9,1574218615609
0,1,8DE4926AE11D9C0000000076333A,1574218617083
0,1,8DE4926AF823000200497819B5F8,1574218618284
0,1,8DE4926AEA428860013F8844C6E9,1574218618286
0,1,8DE4926AEA428860013F8844C6E9,1574218623208
0,1,8DE4926AEA428860013F8844C6E9,1574218645563
0,1,8DE4926AF823000200497819B5F8,1574218648233
0,1,8DE4926AEA428860013F8844C6E9,1574218648633
0,1,8DE4926AF823000200497819B5F8,1574218662857
0,1,8DE4926AEA428860013F8844C6E9,1574218663256
0,1,8DE4926AEA428860013F8844C6E9,1574218665775
0,1,8DE4926AF823000200497819B5F8,1574218673201
0,1,8DE4926AF823000200497819B5F8,1574218690481
0,1,8DE4926AEA428860013F8844C6E9,1574218691017
0,1,8DE4926AEA428860013F8844C6E9,1574218700994
0,1,8DE4926AEA428860013F8844C6E9,1574218703261
0,1,8DE4926AE11D9C0000000076333A,1574218763026
0,1,8DE4926AEA428860013F8844C6E9,1574218763428
0,1,8DE4926AF823000200497819B5F8,1574218767944
0,1,8DE4926AEA428860013F8844C6E9,1574218770868
0,1,8DE4926AE11D9C0000000076333A,1574218773134
0,1,8DE4926AF823000200497819B5F8,1574218773267
0,1,8DE4926AEA428860013F8844C6E9,1574218773668
0,1,8DE4926AEA428860013F8844C6E9,1574218775944
0,1,8DE4926AE11D9C0000000076333A,1574218782867
0,1,8DE4926AF823000200497819B5F8,1574218783265
0,1,8DE4926AEA428860013F8844C6E9,1574218786046
0,1,8DE4926AEA428860013F8844C6E9,1574218788450
0,1,8DE4926AF823000200497819B5F8,1574218788582
0,1,8DE4926AEA428860013F8844C6E9,1574218791126
0,1,8DE4926AEA428860013F8844C6E9,1574218793535
0,1,8DE4926AE11D9C0000000076333A,1574218793536
0,1,8DE4926AF823000200497819B5F8,1574218793884
0,1,8DE4926AEA428860013F8844C6E9,1574218800975
0,1,8DE4926AE11D9C0000000076333A,1574218803366
0,1,8DE4926AEA428860013F8844C6E9,1574218808443
0,1,8DE4926AF823000200497819B5F8,1574218808906
0,1,8DE4926AEA428860013F8844C6E9,1574218810711
0,1,8DE4926AEA428860013F8844C6E9,1574218813236
0,1,8DE4926AEA428860013F8844C6E9,1574218815758
0,1,8DE4926AEA428860013F8844C6E9,1574218818158
0,1,8DE4926AF823000200497819B5F8,1574218818561
0,1,8DE4926AE11D9C0000000076333A,1574218823504
0,1,8DE4926AEA428860013F8844C6E9,1574218825633
0,1,8DE4926AEA428860013F8844C6E9,1574218828554
0,1,8D4952ABEA485864013C08067A40,1574220720805
0,1,8D4952ABF823000600497885CDE1,1574220724010
0,1,8D4952ABEA485864013C08067A40,1574220724815
0,1,8D4074E2F82100020049BC609A94,1574222352685
0,1,8D4074E2E10A0D000000003103C7,1574222353086
0,1,8D4074E2EA48585C4B3F8C28B689,1574222353087
0,1,8D4074E2EA48585C4B3F8C28B689,1574222355487
0,1,8D4074E2F82100020049BC609A94,1574222357888
0,1,8D4074E2EA48585C4B3F8C28B689,1574222358019
0,1,8D4074E2EA48585C4B3F8C28B689,1574222380157
0,1,8D4074E2E10A0D000000003103C7,1574222382830
0,1,8D4074E2EA48585C4B3F8C28B689,1574222385363
0,1,8D4074E2EA48585C4B3F8C28B689,1574222387621
0,1,8D4074E2F82100020049BC609A94,1574222457568
0,1,8DE49248EA485864553C088C4A1F,1574223980592
0,1,8DE4929CE10C93000000002A50A3,1574224685058
0,1,8DE4929CEA3E9860013C08B7A254,1574224795974
0,1,8DE4929CE10C93000000002A50A3,1574225167310
0,1,8DE4929CEA3E9860013C08B7A254,1574225168516
0,1,8D4851B1EA4A585E8F3F8CC6D5FF,1574227050107
0,1,8D4851B1EA4A585E8F3F8CC6D5FF,1574227057822
0,1,8D4851B1F82100020049BC9B1692,1574227061673
0,1,8D4851B1EA4A585E8F3F8CC6D5FF,1574227062609
0,1,8D4851B1E1021800000000A3E263,1574227069355
0,1,8D4851B1EA4A585E933F8C4262E3,1574227070282
0,1,8D4851B1F82100020049BC9B1692,1574227071700
0,1,8D4851B1EA4A585E933F8C4262E3,1574227072630
0,1,8D4851B1EA4A585E933F8C4262E3,1574227075234
0,1,8D4851B1F82100020049BC9B1692,1574227076788
0,1,8D4851B1EA4A585E933F8C4262E3,1574227077725
0,1,8D4851B1E1021800000000A3E263,1574227079486
0,1,8D4851B1EA4A585E933F8C4262E3,1574227080154
0,1,8D4851B1F82100020049BC9B1692,1574227081758
0,1,8D4851B1EA4A585E933F8C4262E3,1574227085301
0,1,8D4851B1F82100020049BC9B1692,1574227086908
0,1,8D4851B1EA4A585E933F8C4262E3,1574227087576
0,1,8D4851B1E1021800000000A3E263,1574227089047
0,1,8D4851B1EA4A585E933F8C4262E3,1574227089850
0,1,8D4851B1F82100020049BC9B1692,1574227091592
0,1,8D4851B1F82100020049BC9B1692,1574227096640
0,1,8D4851B1EA4A585E933F8C4262E3,1574227127403
0,1,8D4851B1E1021800000000A3E263,1574227128998
0,1,8D4851B1EA4A585E933F8C4262E3,1574227129796
0,1,8D4851B1EA4A585E933F8C4262E3,1574227132191
0,1,8D4851B1EA4A585E933F8C4262E3,1574227135052
0,1,8D4851B1F82100020049BC9B1692,1574227136525
0,1,8D4851B1EA4A585E933F8C4262E3,1574227139869
0,1,8D4851B1EA4A585E933F8C4262E3,1574227142362
0,1,8D4851B1EA4A585E933F8C4262E3,1574227144756
0,1,8D4851B1F82100020049BC9B1692,1574227146752
0,1,8D4851B1EA4A585E933F8C4262E3,1574227147283
0,1,8D4851B1EA4A585E933F8C4262E3,1574227149795
0,1,8D4851B1EA4A585E933F8C4262E3,1574227152470
0,1,8D4851B1EA4A585E933F8C4262E3,1574227154738
0,1,8D4851B1EA4A585E933F8C4262E3,1574227157392
0,1,8D4851B1E1021800000000A3E263,1574227159442
0,1,8D4851B1F82100020049BC9B1692,1574227161172
0,1,8D4851B1EA4A585E933F8C4262E3,1574227162707
0,1,8D4851B1EA4A585E933F8C4262E3,1574227164857
0,1,8D4851B1F82100020049BC9B1692,1574227166196
0,1,8D4851B1EA4A585E933F8C4262E3,1574227170195
0,1,8D4851B1F82100020049BC9B1692,1574227171788
0,1,8D4851B1EA4A585E933F8C4262E3,1574227172316
0,1,8D4851B1F82100020049BC9B1692,1574227176168
0,1,8D4851B1EA4A585E933F8C4262E3,1574227177637
0,1,8D4851B1E1021800000000A3E263,1574227179747
0,1,8D4851B1EA4A585E933F8C4262E3,1574227182421
0,1,8D4851B1F82100020049BC9B1692,1574227186025
0,1,8D4851B1EA4A585E933F8C4262E3,1574227187492
0,1,8D4851B1EA4A585E933F8C4262E3,1574227189888
0,1,8D4851B1EA4A585E933F8C4262E3,1574227216934
0,1,8D4851B1E1021800000000A3E263,1574227219932
0,1,8D4851B1F82100020049BC9B1692,1574227221526
0,1,8D4851B1F82100020049BC9B1692,1574227236369
0,1,8D4851B1E1021800000000A3E263,1574227239175
0,1,8D4851B1EA4A585E933F8C4262E3,1574227239578
0,1,8D4851B1EA4A585E933F8C4262E3,1574227241981
0,1,8D4851B1F82100020049BC9B1692,1574227246775
0,1,8D4851B1EA4A585E933F8C4262E3,1574227247176
0,1,8D4851B1E1021800000000A3E263,1574227249037
0,1,8D4851B1EA4A585E933F8C4262E3,1574227249436
0,1,8D4851B1F82100020049BC9B1692,1574227251296
0,1,8D4851B1EA4A585E933F8C4262E3,1574227251962
0,1,8D4851B1EA4A585E933F8C4262E3,1574227254632
0,1,8D4851B1F82100020049BC9B1692,1574227261562
0,1,8D4851B1F82100020049BC9B1692,1574227266217
0,1,8D4851B1EA4A585E933F8C4262E3,1574227266883
0,1,8D4851B1E1021800000000A3E263,1574227268885
0,1,8D4851B1EA4A585E933F8C4262E3,1574227269554
0,1,8D4851B1F82100020049BC9B1692,1574227271158
0,1,8D4851B1EA4A585E933F8C4262E3,1574227271961
0,1,8D4851B1EA4A585E933F8C4262E3,1574227274503
0,1,8D4851B1F82100020049BC9B1692,1574227276101
0,1,8D4851B1E1021800000000A3E263,1574227278763
0,1,8D4851B1EA4A585E933F8C4262E3,1574227279699
0,1,8D4851B1F82100020049BC9B1692,1574227281303
0,1,8D4851B1EA4A585E933F8C4262E3,1574227281970
0,1,8D4851B1F82100020049BC9B1692,1574227286114
0,1,8D4851B1EA4A585E933F8C4262E3,1574227291972
0,1,8D4851B1EA4A585E933F8C4262E3,1574227294901
0,1,8D4851B1F82100020049BC9B1692,1574227296502
0,1,8D4851B1E1021800000000A3E263,1574227299176
0,1,8D4851B1EA4A585E933F8C4262E3,1574227299445
0,1,8D4851B1EA4A585E933F8C4262E3,1574227302122
0,1,8D4851B1F82100020049BC9B1692,1574227306246
0,1,8D4851B1F82100020049BC9B1692,1574227311175
0,1,8D4851B1EA4A585E933F8C4262E3,1574227312378
0,1,8D4851B1EA4A585E933F8C4262E3,1574227314518
0,1,8D4851B1F82100020049BC9B1692,1574227316123
0,1,8D4851B1EA4A585E933F8C4262E3,1574227316926
0,1,8D4851B1EA4A585E933F8C4262E3,1574227319851
0,1,8D4851B1F82100020049BC9B1692,1574227321179
0,1,8D4851B1EA4A585E933F8C4262E3,1574227321845
0,1,8D4851B1EA4A585E933F8C4262E3,1574227324506
0,1,8D4851B1F82100020049BC9B1692,1574227326102
0,1,8D4851B1EA4A585E933F8C4262E3,1574227326901
0,1,8D4851B1E1021800000000A3E263,1574227328901
0,1,8D4851B1EA4A585E933F8C4262E3,1574227329169
0,1,8D4851B1F82100020049BC9B1692,1574227341039
0,1,8D4851B1EA4A585E933F8C4262E3,1574227344383
0,1,8D4851B1F82100020049BC9B1692,1574227345987
0,1,8D4851B1EA4A585E933F8C4262E3,1574227346924
0,1,8DE49369F82300060049B8E97F3B,1574227351060
0,1,8D4851B1EA4A585E933F8C4262E3,1574227351991
0,1,8DE49369EA485864013C086E4D3A,1574227353320
0,1,8DE49369EA485864013C086E4D3A,1574227356254
0,1,8DE49369F82300060049B8E97F3B,1574227356257
0,1,8DE49369EA485864013C086E4D3A,1574227358532
0,1,8DE49369E114B600000000F1559F,1574227359066
0,1,8D4851B1EA4A585E933F8C4262E3,1574227359471
0,1,8DE49369EA485864013C086E4D3A,1574227361077
0,1,8D4851B1EA4A585E933F8C4262E3,1574227362013
0,1,8D4851B1EA4A585E933F8C4262E3,1574227364279
0,1,8DE49369E114B600000000F1559F,1574227368385
0,1,8D4851B1EA4A585E933F8C4262E3,1574227369311
0,1,8D4851B1F82100020049BC9B1692,1574227370909
0,1,8DE49369F82300060049B8E97F3B,1574227371308
0,1,8DE49369EA1D6864013C08FB3681,1574227376287
0,1,8DE49369F82300060049B8E97F3B,1574227376420
0,1,8D4851B1E1021800000000A3E263,1574227379091
0,1,8D4851B1F82100020049BC9B1692,1574227420363
0,1,8D4851B1EA4A585E933F8C4262E3,1574227424239
0,1,8DE49369F82300060049B8E97F3B,1574227431296
0,1,8DE49369EA1D6864013C08FB3681,1574227458693
0,1,8DE49369E114B600000000F1559F,1574227458959
0,1,8DE49369EA1D6864013C08FB3681,1574227465890
0,1,8D4851B1F82100020049BC9B1692,1574227470683
0,1,8D4851B1EA4A585E933F8C4262E3,1574227472014
0,1,8D4851B1EA4A585E933F8C4262E3,1574227474140
0,1,8D4851B1F82100020049BC9B1692,1574227475738
0,1,8FE49369F82300160049B8E654E0,1574227476536
0,1,8D4851B1EA4A585E933F8C4262E3,1574227476938
0,1,8FE49369EA13A864013C089BDC3B,1574227478673
0,1,8D4851B1E1021800000000A3E263,1574227478674
0,1,8FE49369EA13A864013C089BDC3B,1574227479879
0,1,8FE49369EA13A864013C089BDC3B,1574227480943
0,1,8FE49369F82300160049B8E654E0,1574227481479
0,1,8FE49369F82300160049B8E654E0,1574227486263
0,1,8D4851B1E1021800000000A3E263,1574227488793
0,1,8D4851B1EA4A585E933F8C4262E3,1574227489321
0,1,8D4851B1F82100020049BC9B1692,1574227490653
0,1,8D4851B1EA4A585E933F8C4262E3,1574227492119
0,1,8D4851B1F82100020049BC9B1692,1574227500645
0,1,8D4851B1F82100020049BC9B1692,1574227530825
0,1,8D4851B1EA4A585E933F8C4262E3,1574227539191
0,1,8D4851B1F82100020049BC9B1692,1574227540661
0,1,8D4851B1EA4A585E933F8C4262E3,1574227541731
0,1,8DE49369EA13A864013C082B3ECB,1574227548395
0,1,8D4851B1F82100020049BC9B1692,1574227550390
0,1,8DE49369EA13A864013C082B3ECB,1574227553719
0,1,8D4851B1F82100020049BC9B1692,1574227555690
0,1,8D4851B1EA4A585E973F8C7533E7,1574227556757
0,1,8D4851B1E1021800000000A3E263,1574227558621
0,1,8D4851B1EA4A585E973F8C7533E7,1574227559286
0,1,8D4851B1EA4A585E973F8C7533E7,1574227561670
0,1,8D4851B1F82100020049BC9B1692,1574227565931
0,1,8D4851B1EA4A585E973F8C7533E7,1574227566729
0,1,8DE494B4EA1F5858013C083E5B54,1574227567929
0,1,8DE494B4F82300030049B8DC1355,1574227568330
0,1,8DE49369E114B600000000F1559F,1574227569672
0,1,8DE494B4EA1F5858013C083E5B54,1574227570835
0,1,8DE49369EA13A864013C082B3ECB,1574227572435
0,1,8FE494B4F82300130049B8D3388E,1574227572971
0,1,8DE49369EA13A864013C082B3ECB,1574227573899
0,1,8DE49369F82300060049B8E97F3B,1574227574167
0,1,8DE49369EA13A864013C082B3ECB,1574227575133
0,1,8FE494B4E110A700000000E8056A,1574227575171
0,1,8DE49369F82300060049B8E97F3B,1574227576508
0,1,8FE494B4EA159858013C0875C1B4,1574227577978
0,1,8DE49369EA13A864013C082B3ECB,1574227578477
0,1,8DE49369EA13A864013C082B3ECB,1574227579982
0,1,8DE49369EA13A864013C082B3ECB,1574227580784
0,1,8DE49369F82300060049B8E97F3B,1574227583999
0,1,8DE49369EA13A864013C082B3ECB,1574227586367
0,1,8DE49369F82300060049B8E97F3B,1574227586541
0,1,8D4851B1EA4A585E973F8C7533E7,1574227586793
0,1,8D4851B1E1021800000000A3E263,1574227588665
0,1,8DE49369F82300060049B8E97F3B,1574227589067
0,1,8D4851B1EA4A585E973F8C7533E7,1574227589334
0,1,8DE49369EA13A864013C082B3ECB,1574227590200
0,1,8D4851B1F82100020049BC9B1692,1574227590756
0,1,8DE49369EA13A864013C082B3ECB,1574227591158
0,1,8D4851B1EA4A585E973F8C7533E7,1574227591694
0,1,8DE49369EA13A864013C082B3ECB,1574227593701
0,1,8D4851B1EA4A585E973F8C7533E7,1574227594293
0,1,8DE49369E114B600000000F1559F,1574227594690
0,1,8DE49369EA13A864013C082B3ECB,1574227594824
0,1,8D4851B1F82100020049BC9B1692,1574227595993
0,1,8DE49369EA13A864013C082B3ECB,1574227596261
0,1,8D4851B1EA4A585E973F8C7533E7,1574227596664
0,1,8DE49369EA13A864013C082B3ECB,1574227597389
0,1,8DE49369EA13A864013C082B3ECB,1574227598887
0,1,8D4851B1E1021800000000A3E263,1574227599288
0,1,8D4851B1EA4A585E973F8C7533E7,1574227599556
0,1,8D4851B1F82100020049BC9B1692,1574227600759
0,1,8DE49369EA13A864013C082B3ECB,1574227601162
0,1,8D4851B1EA4A585E973F8C7533E7,1574227601966
0,1,8DE49369EA13A864013C082B3ECB,1574227603570
0,1,8D4851B1EA4A585E973F8C7533E7,1574227604372
0,1,8DE49369E114B600000000F1559F,1574227604773
0,1,8DE494B4E110A70000000058E79A,1574227605305
0,1,8D4851B1F82100020049BC9B1692,1574227605705
0,1,8DE49369EA13A864013C082B3ECB,1574227607040
0,1,8DE49369EA13A864013C082B3ECB,1574227608238
0,1,8DE49369EA13A864013C082B3ECB,1574227609566
0,1,8DE49369EA13A864013C082B3ECB,1574227612233
0,1,8DE49369EA13A864013C082B3ECB,1574227613305
0,1,8DE49369F82300060049B8E97F3B,1574227614110
0,1,8DE49369EA13A864013C082B3ECB,1574227614563
0,1,8DE49369E114B600000000F1559F,1574227614945
0,1,8DE49369F82300060049B8E97F3B,1574227616545
0,1,8DE49369EA13A864013C082B3ECB,1574227618310
0,1,8DE49369F82300060049B8E97F3B,1574227619112
0,1,8DE49369EA13A864013C082B3ECB,1574227619645
0,1,8DE49369EA13A864013C082B3ECB,1574227623117
0,1,8DE49369EA13A864013C082B3ECB,1574227624855
0,1,8DE49369EA13A864013C082B3ECB,1574227625523
0,1,8DE49369EA13A864013C082B3ECB,1574227628739
0,1,8DE49369F82300060049B8E97F3B,1574227629143
0,1,8DE49369E114B600000000F1559F,1574227629663
0,1,8DE49369EA13A864013C082B3ECB,1574227629929
0,1,8DE49369EA13A864013C082B3ECB,1574227630901
0,1,8DE49369F82300060049B8E97F3B,1574227631570
0,1,8DE49369EA13A864013C082B3ECB,1574227633165
0,1,8DE49369F82300060049B8E97F3B,1574227634098
0,1,8DE49369EA13A864013C082B3ECB,1574227634499
0,1,8DE49369E114B600000000F1559F,1574227634899
0,1,8DE49369EA13A864013C082B3ECB,1574227635829
0,1,8DE49369F82300060049B8E97F3B,1574227636497
0,1,8DE49369EA13A864013C082B3ECB,1574227638092
0,1,8DE49369F82300060049B8E97F3B,1574227641556
0,1,8DE49369EA13A864013C082B3ECB,1574227642190
0,1,8DE49369EA13A864013C082B3ECB,1574227643157
0,1,8DE49369F82300060049B8E97F3B,1574227644190
0,1,8DE49369EA13A864013C082B3ECB,1574227644497
0,1,8DE49369EA13A864013C082B3ECB,1574227645968
0,1,8DE49369F82300060049B8E97F3B,1574227646772
0,1,8DE49369EA13A864013C082B3ECB,1574227657965
0,1,8DE49369EA13A864013C082B3ECB,1574227661843
0,1,8DE49369EA13A864013C082B3ECB,1574227667040
0,1,8DE49369EA13A864013C082B3ECB,1574227668104
0,1,8DE49369E114B600000000F1559F,1574227669700
0,1,8DE49369EA13A864013C082B3ECB,1574227670498
0,1,8DE49369F82300060049B8E97F3B,1574227671298
0,1,8DE494B4EA159858013C08C52344,1574227672365
0,1,8DE494B4EA159858013C08C52344,1574227674909
0,1,8DE49369EA13A864013C082B3ECB,1574227675577
0,1,8DE494B4EA159858013C08C52344,1574227677585
0,1,8DE49369EA13A864013C082B3ECB,1574227678253
0,1,8DE49369E114B600000000F1559F,1574227679852
0,1,8DE49369F82300060049B8E97F3B,1574227681181
0,1,8DE494B4EA159858013C08C52344,1574227687438
0,1,8DE49369EA13A864013C082B3ECB,1574227687973
0,1,8DE494B4F82300030049B8DC1355,1574227688239
0,1,8DE494B4EA159858013C08C52344,1574227692517
0,1,8DE49369EA13A864013C082B3ECB,1574227693314
0,1,8DE494B4F82300030049B8DC1355,1574227693580
0,1,8DE494B4E110A70000000058E79A,1574227694637
0,1,8DE494B4EA159858013C08C52344,1574227695035
0,1,8DE49369EA13A864013C082B3ECB,1574227696887
0,1,8DE49369EA13A864013C082B3ECB,1574227703124
0,1,8DE49369F82300060049B8E97F3B,1574227706330
0,1,8DE49369EA13A864013C082B3ECB,1574227707934
0,1,8DE49369E114B600000000F1559F,1574227709268
0,1,8DE49369EA13A864013C082B3ECB,1574227712994
0,1,8DE49369EA13A864013C082B3ECB,1574227720593
0,1,8DE49369E114B600000000F1559F,1574227728950
0,1,8DE49369EA13A864013C082B3ECB,1574227730547
0,1,8DE49369EA13A864013C082B3ECB,1574227733082
0,1,8DE49369EA13A864013C082B3ECB,1574227738164
0,1,8DE49369E114B600000000F1559F,1574227738697
0,1,8DE49369EA13A864013C082B3ECB,1574227743222
0,1,8DE49369F82300060049B8E97F3B,1574227745751
0,1,8DE49369EA13A864013C082B3ECB,1574227746015
0,1,8DE494B4EA159858013C08C52344,1574227747350
0,1,8DE494B4F82300030049B8DC1355,1574227748286
0,1,8DE49369E114B600000000F1559F,1574227749223
0,1,8DE49369EA13A864013C082B3ECB,1574227750694
0,1,8DE49369F82300060049B8E97F3B,1574227750962
0,1,8DE494B4EA159858013C08C52344,1574227752833
0,1,8DE49369EA13A864013C082B3ECB,1574227753369
0,1,8DE494B4EA159858013C08C52344,1574227755100
0,1,8DE49369EA13A864013C082B3ECB,1574227756165
0,1,8DE49369F82300060049B8E97F3B,1574227756167
0,1,8DE49369E114B600000000F1559F,1574227759224
0,1,8DE49369F82300060049B8E97F3B,1574227761092
0,1,8DE49369EA13A864013C082B3ECB,1574227763362
0,1,8DE49369EA13A864013C082B3ECB,1574227766175
0,1,8DE49369F82300060049B8E97F3B,1574227766307
0,1,8DE494B4F82300030049B8DC1355,1574227768128
0,1,8DE49369E114B600000000F1559F,1574227769245
0,1,8DE49369EA13A864013C082B3ECB,1574227773238
0,1,8DE494B4E110A70000000058E79A,1574227774838
0,1,8DE494B4EA159858013C08C52344,1574227775328
0,1,8DE49369EA13A864013C082B3ECB,1574227776039
0,1,8DE49369F82300060049B8E97F3B,1574227776305
0,1,8DE494B4EA159858013C08C52344,1574227777376
0,1,8DE494B4F82300030049B8DC1355,1574227778181
0,1,8DE49369EA13A864013C082B3ECB,1574227778582
0,1,8DE49369F82300060049B8E97F3B,1574227781120
0,1,8DE494B4EA159858013C08C52344,1574227782585
0,1,8DE494B4EA159858013C08C52344,1574227787361
0,1,8DE494B4F82300030049B8DC1355,1574227788159
0,1,8DE49369EA13A864013C082B3ECB,1574227790694
0,1,8DE49369F82300060049B8E97F3B,1574227791363
0,1,8DE494B4EA159858013C08C52344,1574227792972
0,1,8DE494B4F82300030049B8DC1355,1574227793240
0,1,8DE494B4EA159858013C08C52344,1574227793909
0,1,8DE49369E114B600000000F1559F,1574227794712
0,1,8DE494B4EA159858013C08C52344,1574227794975
0,1,8DE494B4F82300030049B8DC1355,1574227796041
0,1,8DE49369F82300060049B8E97F3B,1574227796441
0,1,8DE49369EA13A864013C082B3ECB,1574227798169
0,1,8DE49369E114B600000000F1559F,1574227799761
0,1,8DE49369EA13A864013C082B3ECB,1574227800825
0,1,8DE494B4F82300030049B8DC1355,1574227806171
0,1,8DE494B4EA159858013C08C52344,1574227806570
0,1,8DE494B4EA159858013C08C52344,1574227808974
0,1,8DE494B4EA159858013C08C52344,1574227810307
0,1,8DE494B4F82300030049B8DC1355,1574227810973
0,1,8DE494B4EA159858013C08C52344,1574227811376
0,1,8DE494B4EA159858013C08C52344,1574227812573
0,1,8DE494B4EA159858013C08C52344,1574227815097
0,1,8DE494B4EA159858013C08C52344,1574227817890
0,1,8DE494B4EA159858013C08C52344,1574227820152
0,1,8DE49369F82300060049B8E97F3B,1574227821354
0,1,8DE494B4EA159858013C08C52344,1574227822557
0,1,8DE494B4E110A70000000058E79A,1574227825020
0,1,8DE49369F82300060049B8E97F3B,1574227826225
0,1,8DE49369E114B600000000F1559F,1574227829560
0,1,8DE494B4EA0BD858013C08C2796F,1574227835018
0,1,8DE494B4F82300030049B8DC1355,1574227838353
0,1,8DE494B4EA0BD858013C08C2796F,1574227839954
0,1,8DE494B4EA0BD858013C08C2796F,1574227842484
0,1,8DE494B4EA0BD858013C08C2796F,1574227847538
0,1,8DE494B4E110A70000000058E79A,1574227865109
0,1,8DE494B4EA0BD858013C08C2796F,1574227869956
0,1,8DE494B4EA0BD858013C08C2796F,1574227875010
0,1,8DE494B4EA0BD858013C08C2796F,1574227882631
0,1,8DE494B4EA0BD858013C08C2796F,1574227885033
0,1,8DE494B4E110A70000000058E79A,1574227885299
0,1,8DE494B4EA0BD858013C08C2796F,1574227887830
0,1,8DE494B4F82300030049B8DC1355,1574227887962
0,1,8DE494B4EA0BD858013C08C2796F,1574227890213
0,1,8DE494B4F82300030049B8DC1355,1574227892866
0,1,8DE494B4EA0BD858013C08C2796F,1574227895264
0,1,8DE494B4E110A70000000058E79A,1574227895266
0,1,8DE494B4F82300030049B8DC1355,1574227897938
0,1,8DE494B4EA0BD858013C08C2796F,1574227900346
0,1,8DE494B4F82300030049B8DC1355,1574227902883
0,1,8DE494B4EA0BD858013C08C2796F,1574227905015
0,1,8DE494B4F82300030049B8DC1355,1574227907820
0,1,8DE494B4EA0BD858013C08C2796F,1574227912769
0,1,8DE494B4F82300030049B8DC1355,1574227913037
0,1,8DE494B4EA0BD858013C08C2796F,1574227915178
0,1,8DE494B4E110A70000000058E79A,1574227915180
0,1,8DE494B4EA0BD858013C08C2796F,1574227917585
0,1,8DE494B4F82300030049B8DC1355,1574227917850
0,1,8DE494B4EA0BD858013C08C2796F,1574227919981
0,1,8DE494B4F82300030049B8DC1355,1574227922906
0,1,8DE494B4EA0BD858013C08C2796F,1574227925035
0,1,8DE494B4EA0BD858013C08C2796F,1574227927578
0,1,8DE494B4F82300030049B8DC1355,1574227927981
0,1,8DE494B4EA0BD858013C08C2796F,1574227929853
0,1,8DE494B4EA0BD858013C08C2796F,1574227932521
0,1,8DE494B4F82300030049B8DC1355,1574227932919
0,1,8DE494B4EA0BD858013C08C2796F,1574227934777
0,1,8DE494B4EA0BD858013C08C2796F,1574227937698
0,1,8DE494B4F82300030049B8DC1355,1574227937964
0,1,8DE494B4F82300030049B8DC1355,1574227942897
0,1,8DE494B4EA0BD858013C08C2796F,1574227944902
0,1,8DE494B4E110A70000000058E79A,1574227955137
0,1,8DE494B4EA0BD858013C08C2796F,1574227955139
0,1,8DE494B4F82300030049B8DC1355,1574227958035
0,1,8DE494B4F82300030049B8DC1355,1574227962757
0,1,8DE494B4E110A70000000058E79A,1574227964753
0,1,8DE494B4EA0BD858013C08C2796F,1574227965019
0,1,8DE494B4EA0BD858013C08C2796F,1574227967558
0,1,8DE494B4EA0BD858013C08C2796F,1574227969961
0,1,8DE494B4F82300030049B8DC1355,1574227972774
0,1,8DE494B4EA0BD858013C08C2796F,1574227974915
0,1,8DE494B4F82300030049B8DC1355,1574227977843
0,1,8DE494B4EA0BD858013C08C2796F,1574227979836
0,1,8DE494B4F82300030049B8DC1355,1574227982763
0,1,8DE494B4EA0BD858013C08C2796F,1574227985167
0,1,8DE494B4EA0BD858013C08C2796F,1574227997247
0,1,8DE494B4EA0BD858013C08C2796F,1574227999784
0,1,8DE494B4EA0BD858013C08C2796F,1574228002193
0,1,8DE494B4F82300030049B8DC1355,1574228002728
0,1,8DE494B4F82300030049B8DC1355,1574228007658
0,1,8DE494B4EA0BD858013C08C2796F,1574228009777
0,1,8DE494B4F82300030049B8DC1355,1574228012826
0,1,8DE494B4E110A70000000058E79A,1574228014429
0,1,8DE494B4E110A70000000058E79A,1574228024430
0,1,8DE494B4EA0BD858013C08C2796F,1574228024962
0,1,8DE494B4EA0BD858013C08C2796F,1574228027490
0,1,8DE494B4F82300030049B8DC1355,1574228027755
0,1,8DE494B4EA0BD858013C08C2796F,1574228029754
0,1,8DE494B4EA0BD858013C08C2796F,1574228032424
0,1,8DE494B4F82300030049B8DC1355,1574228032692
0,1,8DE494B4E110A70000000058E79A,1574228034029
0,1,8DE494B4EA0BD858013C08C2796F,1574228034829
0,1,8DE8026CF82100020049BCD71280,1574229233187
0,1,8DE8026CF82100020049BCD71280,1574229238243
0,1,8DE8026CEA4E385E873F8C6CE9FF,1574229240494
0,1,8DE8026CF82100020049BCD71280,1574229243411
0,1,8DE8026CEA4E385E873F8C6CE9FF,1574229245793
0,1,8DE8026CE11715000000008B06D7,1574229246327
0,1,8DE8026CEA4E385E873F8C6CE9FF,1574229248201
0,1,8DE8026CF82100020049BCD71280,1574229248468
0,1,8DE8026CE11715000000008B06D7,1574229256647
0,1,8DE8026CEA4E385E873F8C6CE9FF,1574229257846
0,1,8DE8026CEA4E385E873F8C6CE9FF,1574229260439
0,1,8DE8026CEA4E385E873F8C6CE9FF,1574229262982
0,1,8DE8026CF82100020049BCD71280,1574229263385
0,1,8DE8026CEA4E385E873F8C6CE9FF,1574229265381
0,1,8DE8026CEA4E385E873F8C6CE9FF,1574229267762
0,1,8DE8026CEA4E385E873F8C6CE9FF,1574229273123
0,1,8DE8026CF82100020049BCD71280,1574229273391
0,1,8DE8026CEA4E385E873F8C6CE9FF,1574229275215
0,1,8DE8026CE11715000000008B06D7,1574229276958
0,1,8DE8026CEA4E385E873F8C6CE9FF,1574229277847
0,1,8DE8026CF82100020049BCD71280,1574229278517
0,1,8DE8026CEA4E385E873F8C6CE9FF,1574229280788
0,1,8DE8026CF82100020049BCD71280,1574229283578
0,1,8DE8026CEA4E385E873F8C6CE9FF,1574229287694
0,1,8DE8026CEA4E385E873F8C6CE9FF,1574229289964
0,1,8DE8026CF82100020049BCD71280,1574229303557
0,1,8DE8026CEA4E385E873F8C6CE9FF,1574229305586
0,1,8DE8026CE11715000000008B06D7,1574229307583
0,1,8DE8026CEA4E385E873F8C6CE9FF,1574229307719
0,1,8DE8026CEA4E385E873F8C6CE9FF,1574229310126
0,1,8DE8026CEA4E385E873F8C6CE9FF,1574229312786
0,1,8DE8026CE11715000000008B06D7,1574229317033
0,1,8DE8026CEA4E385E8D3F8C19E375,1574229322857
0,1,8DE8026CF82100020049BCD71280,1574229323392
0,1,8DE8026CEA4E385E8D3F8C19E375,1574229324862
0,1,8DE8026CE11715000000008B06D7,1574229326936
0,1,8DE8026CEA4E385E8D3F8C19E375,1574229327600
0,1,8DE8026CEA4E385E8D3F8C19E375,1574229330255
0,1,8DE8026CEA4E385E8D3F8C19E375,1574229332735
0,1,8DE8026CF82100020049BCD71280,1574229333400
0,1,8DE8026CEA4E385E8D3F8C19E375,1574229337273
0,1,8DE8026CF82100020049BCD71280,1574229338475
0,1,8DE8026CEA4E385E8D3F8C19E375,1574229340152
0,1,8DE8026CEA4E385E8D3F8C19E375,1574229342231
0,1,8DE8026CEA4E385E8D3F8C19E375,1574229394471
0,1,8DE8026CEA4E385E8D3F8C19E375,1574229419341
0,1,8DE8026CF82100020049BCD71280,1574229422874
0,1,8DE8026CF82100020049BCD71280,1574229442971
0,1,8DE8026CEA4E385E8D3F8C19E375,1574229483789
0,1,8DE8026CE11715000000008B06D7,1574229485523
0,1,8DE8026CE11715000000008B06D7,1574229505500
0,1,8DE8026CE11715000000008B06D7,1574229515765
0,1,8DE8026CEA4E385E8D3F8C19E375,1574229516032
0,1,8DE8026CF82100020049BCD71280,1574229522808
0,1,8DE8026CE11715000000008B06D7,1574229525591
0,1,8DE8026CEA4E385E8D3F8C19E375,1574229543294
0,1,8DE8026CEA4E385E8D3F8C19E375,1574229550634
0,1,8DE8026CEA4E385E8D3F8C19E375,1574229658091
0,1,8DE8026CF82100020049BCD71280,1574229677488
0,1,8DE8026CEA4E385E8D3F8C19E375,1574229687873
0,1,8DE4953DE10983000000000735E5,1574229705268
0,1,8DE4953DF82300020049B8CB494F,1574229706334
0,1,8DE4953DEA4A5858013C08C67286,1574229708336
0,1,8DE4953DF82300020049B8CB494F,1574229708604
0,1,8DE4953DEA4A5858013C08C67286,1574229711946
0,1,8DE4953DEA4A5858013C08C67286,1574229715679
0,1,8DE4953DEA4A5858013C08C67286,1574229735816
0,1,8DE4953DF82300020049B8CB494F,1574229736211
0,1,8DE4953DEA4A5858013C08C67286,1574229738202
0,1,8DE4953DF82300020049B8CB494F,1574229739135
0,1,8DE4953DEA4A5858013C08C67286,1574229748322
0,1,8DE4953DEA4A5858013C08C67286,1574229749647
0,1,8DE4953DE10983000000000735E5,1574229749648
0,1,8DE4953DEA4A5858013C08C67286,1574229750975
0,1,8DE4953DF82300020049B8CB494F,1574229751239
0,1,8DE4953DEA4A5858013C08C67286,1574229752170
0,1,8DE4953DEA4A5858013C08C67286,1574229753366
0,1,8DE4953DF82300020049B8CB494F,1574229753866
0,1,8DE4953DEA4A5858013C08C67286,1574229754699
0,1,8DE4953DEA4A5858013C08C67286,1574229756036
0,1,8DE4953DF82300020049B8CB494F,1574229756438
0,1,8DE4953DEA4A5858013C08C67286,1574229757106
0,1,8DE4953DEA4A5858013C08C67286,1574229758443
0,1,8DE4953DF82300020049B8CB494F,1574229758843
0,1,8DE4953DEA4A5858013C08C67286,1574229759643
0,1,8DE4953DEA4A5858013C08C67286,1574229760975
0,1,8DE4953DEA4A5858013C08C67286,1574229763225
0,1,8DE4953DF82300020049B8CB494F,1574229774129
0,1,8DE4953DEA4A5858013C08C67286,1574229774928
0,1,8DE4953DE10983000000000735E5,1574229774929
0,1,8DE4953DEA4A5858013C08C67286,1574229775973
0,1,8DE4953DF82300020049B8CB494F,1574229793371
0,1,8DE4953DEA4A5858013C08C67286,1574229799598
0,1,8DE4953DE10983000000000735E5,1574229800134
0,1,8DE4953DEA4A5858013C08C67286,1574229803550
0,1,8DE4953DF82300020049B8CB494F,1574229803950
0,1,8D4074D2EA4A585E893F8C273673,1574229804834
0,1,8DE4953DE10983000000000735E5,1574229805232
0,1,8DE4953DEA4A5858013C08C67286,1574229805897
0,1,8DE4953DF82300020049B8CB494F,1574229806425
0,1,8DE4953DEA4A5858013C08C67286,1574229807088
0,1,8DE4953DEA4A5858013C08C67286,1574229810541
0,1,8DE4953DF82300020049B8CB494F,1574229811340
0,1,8DE4953DEA4A5858013C08C67286,1574229817265
0,1,8D4074D2F82100020049BC560C98,1574229817266
0,1,8D4074D2EA4A585E893F8C273673,1574229817268
0,1,8DE4953DEA4A5858013C08C67286,1574229818355
0,1,8DE4953DF82300020049B8CB494F,1574229818896
0,1,8DE4953DEA4A5858013C08C67286,1574229819618
0,1,8D4074D2EA4A585E893F8C273673,1574229819753
0,1,8DE4953DEA4A5858013C08C67286,1574229821023
0,1,8DE4953DEA4A5858013C08C67286,1574229822455
0,1,8DE4953DEA4A5858013C08C67286,1574229823116
0,1,8DE4953DEA4A5858013C08C67286,1574229824479
0,1,8D4074D2EA4A585E893F8C273673,1574229824877
0,1,8DE4953DEA4A5858013C08C67286,1574229826016
0,1,8DE4953DEA4A5858013C08C67286,1574229827157
0,1,8D4074D2EA4A585E893F8C273673,1574229827158
0,1,8DE4953DF82300020049B8CB494F,1574229829240
0,1,8DE4953DEA4A5858013C08C67286,1574229830095
0,1,8DE4953DE10983000000000735E5,1574229830096
0,1,8D4074D2EA4A585E893F8C273673,1574229832353
0,1,8DE4953DEA4A5858013C08C67286,1574229832355
0,1,8DE4953DF82300020049B8CB494F,1574229833766
0,1,8D4074D2EA4A585E893F8C273673,1574229834556
0,1,8DE4953DE10983000000000735E5,1574229834942
0,1,8DE4953DEA4A5858013C08C67286,1574229835747
0,1,8DE4953DEA4A5858013C08C67286,1574229837109
0,1,8D4074D2EA4A585E893F8C273673,1574229837111
0,1,8D4074D2EA4A585E893F8C273673,1574229839480
0,1,8DE4953DE10983000000000735E5,1574229840144
0,1,8DE4953DF82300020049B8CB494F,1574229841283
0,1,8D4074D2E1120C00000000FFBED9,1574229841926
0,1,8DE4953DEA4A5858013C08C67286,1574229842322
0,1,8D4074D2F82100020049BC560C98,1574229842324
0,1,8DE4953DEA4A5858013C08C67286,1574229843558
0,1,8DE4953DF82300020049B8CB494F,1574229844052
0,1,8DE4953DEA4A5858013C08C67286,1574229844457
0,1,8DE4953DEA4A5858013C08C67286,1574229846095
0,1,8DE4953DF82300020049B8CB494F,1574229846440
0,1,8D4074D2F82100020049BC560C98,1574229847158
0,1,8D4074D2EA4A585E893F8C273673,1574229847556
0,1,8DE4953DEA4A5858013C08C67286,1574229848352
0,1,8DE4953DF82300020049B8CB494F,1574229848962
0,1,8D4074D2EA4A585E893F8C273673,1574229849630
0,1,8DE4953DE10983000000000735E5,1574229849762
0,1,8DE4953DEA4A5858013C08C67286,1574229854882
0,1,8DE4953DE10983000000000735E5,1574229854884
0,1,8DE4953DEA4A5858013C08C67286,1574229857007
0,1,8DE4953DEA4A5858013C08C67286,1574229858735
0,1,8DE4953DEA4A5858013C08C67286,1574229859800
0,1,8DE4953DE10983000000000735E5,1574229860019
0,1,8DE4953DF82300020049B8CB494F,1574229861355
0,1,8DE4953DEA4A5858013C08C67286,1574229862398
0,1,8DE4953DEA4A5858013C08C67286,1574229863702
0,1,8DE4953DF82300020049B8CB494F,1574229863708
0,1,8D4074D2EA4A585E893F8C273673,1574229864661
0,1,8DE4953DE10983000000000735E5,1574229865160
0,1,8D4074D2F82100020049BC560C98,1574229867160
0,1,8D4074D2EA4A585E893F8C273673,1574229872080
0,1,8D4074D2E1120C00000000FFBED9,1574229872342
0,1,8D4074D2F82100020049BC560C98,1574229872344
0,1,8D4074D2EA4A585E893F8C273673,1574229879752
0,1,8D4074D2EA4A585E893F8C273673,1574229882014
0,1,8D4074D2EA4A585E893F8C273673,1574229884660
0,1,8D4074D2EA4A585E893F8C273673,1574229887437
0,1,8DE4953DEA4A5858013C08C67286,1574229888632
0,1,8DE4953DEA4A5858013C08C67286,1574229889698
0,1,8D4074D2EA4A585E893F8C273673,1574229889699
0,1,8D4074D2E1120C00000000FFBED9,1574229892272
0,1,8D4074D2F82100020049BC560C98,1574229892275
0,1,8DE4953DEA4A5858013C08C67286,1574229893300
0,1,8DE4953DF82300020049B8CB494F,1574229893966
0,1,8D4074D2EA4A585E893F8C273673,1574229894660
0,1,8DE4953DEA4A5858013C08C67286,1574229894927
0,1,8DE4953DEA4A5858013C08C67286,1574229895952
0,1,8D4074D2EA4A585E893F8C273673,1574229897409
0,1,8D4074D2E1120C00000000FFBED9,1574229901755
0,1,8D4074D2EA4A585E893F8C273673,1574229902150
0,1,8D4074D2EA4A585E893F8C273673,1574229943877
0,1,8D4074D2EA4A585E893F8C273673,1574229946394
0,1,8D4074D2EA4A585E893F8C273673,1574229949185
0,1,8D4074D2E1120C00000000FFBED9,1574229951585
0,1,8D4074D2EA4A585E893F8C273673,1574229953718
0,1,8D4074D2EA4A585E893F8C273673,1574229958638
0,1,8D4074D2EA4A585E893F8C273673,1574229966452
0,1,8D4074D2F82100020049BC560C98,1574229966719
0,1,8D4074D2EA4A585E893F8C273673,1574229968859
0,1,8D4074D2E1120C00000000FFBED9,1574229971666
0,1,8D4074D2F82100020049BC560C98,1574229972066
0,1,8D4074D2EA4A585E893F8C273673,1574229976447
0,1,8D4074D2EA4A585E893F8C273673,1574230026382
0,1,8D4074D2F82100020049BC560C98,1574230026648
0,1,8D4074D2EA4A585E893F8C273673,1574230036085
0,1,8D4074D2EA4A585E893F8C273673,1574230043504
0,1,8D4074D2EA4A585E893F8C273673,1574230053440
0,1,8D4074D2F82100020049BC560C98,1574230186589
0,1,8D4074D2F82100020049BC560C98,1574230201600
0,1,8D4074D2EA4A585E8D3F8C106777,1574230207560
0,1,8D3C4B31F82100020049B8AB6B99,1574230979550
0,1,8D3C4B31EA4668668F3C08506C9F,1574230982497
0,1,8D3C4B31F82100020049B8AB6B99,1574230985110
0,1,8D3C4B31EA4668668F3C08506C9F,1574230985112
0,1,8D3C4B31E1061C00000000B4FC3C,1574230985244
0,1,8D3C4B31F82100020049B8AB6B99,1574230990030
0,1,8D3C4B31F82100020049B8AB6B99,1574230994835
0,1,8D3C4B31E1061C00000000B4FC3C,1574230995235
0,1,8D3C4B31EA4668668F3C08506C9F,1574230998050
0,1,8D3C4B31F82100020049B8AB6B99,1574230999922
0,1,8D3C4B31EA4668668F3C08506C9F,1574231002590
0,1,8D3C4B31F82100020049B8AB6B99,1574231004977
0,1,8D3C4B31EA4668668F3C08506C9F,1574231005090
0,1,8D3C4B31E1061C00000000B4FC3C,1574231005091
0,1,8D3C4B31EA4668668F3C08506C9F,1574231008021
0,1,8D3C4B31F82100020049B8AB6B99,1574231009977
0,1,8D3C4B31EA4668668F3C08506C9F,1574231010025
0,1,8D3C4B31EA4668668F3C08506C9F,1574231012757
0,1,8D3C4B31F82100020049B8AB6B99,1574231014949
0,1,8D3C4B31EA4668668F3C08506C9F,1574231015217
0,1,8D3C4B31EA4668668F3C08506C9F,1574231017484
0,1,8D3C4B31F82100020049B8AB6B99,1574231019743
0,1,8D3C4B31E1061C00000000B4FC3C,1574231064774
0,1,8D3C4B31F82100020049B8AB6B99,1574231084754
0,1,8D3C4B31E1061C00000000B4FC3C,1574231085021
0,1,8D3C4B31EA4668668F3C08506C9F,1574231086897
0,1,8D3C4B31EA4668668F3C08506C9F,1574231089441
0,1,8D3C4B31F82100020049B8AB6B99,1574231089842
0,1,8D3C4B31EA4668668F3C08506C9F,1574231092112
0,1,8D3C4B31EA4668668F3C08506C9F,1574231094249
0,1,8D3C4B31E1061C00000000B4FC3C,1574231094782
0,1,8D3C4B31EA4668668F3C08506C9F,1574231096646
0,1,8D3C4B31EA4668668F3C08506C9F,1574231104123
0,1,8D3C4B31E1061C00000000B4FC3C,1574231104881
0,1,8D3C4B31F82100020049B8AB6B99,1574231104925
0,1,8D3C4B31F82100020049B8AB6B99,1574231109716
0,1,8D3C4B31EA4668668F3C08506C9F,1574231111568
0,1,8D3C4B31F82100020049B8AB6B99,1574231114898
0,1,8D3C4B31EA4668668F3C08506C9F,1574231116633
0,1,8D3C4B31EA4668668F3C08506C9F,1574231119446
0,1,8D3C4B31F82100020049B8AB6B99,1574231120113
0,1,8D3C4B31F82100020049B8AB6B99,1574231124909
0,1,8D3C4B31EA4668668F3C08506C9F,1574231127039
0,1,8D3C4B31EA4668668F3C08506C9F,1574231129035
0,1,8D3C4B31EA4668668F3C08506C9F,1574231131568
0,1,8D3C4B31EA4668668F3C08506C9F,1574231136791
0,1,8D3C4B31EA4668668F3C08506C9F,1574231142111
0,1,8D3C4B31EA4668668F3C08506C9F,1574231144517
0,1,8D3C4B31F82100020049B8AB6B99,1574231145053
0,1,8D3C4B31EA4668668F3C08506C9F,1574231146657
0,1,8D3C4B31EA4668668F3C08506C9F,1574231149603
0,1,8D3C4B31F82100020049B8AB6B99,1574231150137
0,1,8D3C4B31EA4668668F3C08506C9F,1574231152138
0,1,8D3C4B31E1061C00000000B4FC3C,1574231154804
0,1,8D3C4B31EA4668668F3C08506C9F,1574231156926
0,1,8D3C4B31EA4668668F3C08506C9F,1574231159574
0,1,8D3C4B31F82100020049B8AB6B99,1574231159839
0,1,8D3C4B31EA4668668F3C08506C9F,1574231161971
0,1,8D3C4B31EA4668668F3C08506C9F,1574231164381
0,1,8D3C4B31E1061C00000000B4FC3C,1574231165455
0,1,8D3C4B31EA4668668F3C08506C9F,1574231167193
0,1,8D3C4B31EA4668668F3C08506C9F,1574231171847
0,1,8D3C4B31E1061C00000000B4FC3C,1574231175312
0,1,8D3C4B31EA4668668F3C08506C9F,1574231177052
0,1,8D3C4B31EA4668668F3C08506C9F,1574231182000
0,1,8D3C4B31EA4668668F3C08506C9F,1574231184530
0,1,8D3C4B31EA4668668F3C08506C9F,1574231189443
0,1,8D3C4B31F82100020049B8AB6B99,1574231189709
0,1,8D3C4B31EA4668668F3C08506C9F,1574231194656
0,1,8D3C4B31F82100020049B8AB6B99,1574231194658
0,1,8D3C4B31E1061C00000000B4FC3C,1574231195324
0,1,8D3C4B31F82100020049B8AB6B99,1574231199594
0,1,8D3C4B31EA4668668F3C08506C9F,1574231214626
0,1,8D3C4B31EA4668668F3C08506C9F,1574231217288
0,1,8D3C4B31EA4668668F3C08506C9F,1574231331972
0,1,8D3C4B31EA4668668F3C08506C9F,1574231341793
0,1,8D3C4B31F82100020049B8AB6B99,1574231389687
0,1,8D3C4B31EA4668668F3C08506C9F,1574231391828
0,1,8D3C4B31E1061C00000000B4FC3C,1574231393966
0,1,8D3C4B31EA4668668F3C08506C9F,1574231394232
0,1,8D3C4B31F82100020049B8AB6B99,1574231394632
0,1,8D3C4B31EA4668668F3C08506C9F,1574231396890
0,1,8D3C4B31EA4668668F3C08506C9F,1574231429506
0,1,8D3C4B31E1061C00000000B4FC3C,1574231433779
0,1,8D3C4B31EA4668668F3C08506C9F,1574231434449
0,1,8D3C4B31EA4668668F3C08506C9F,1574231436861
0,1,8D4D010AEA466866653C0837D926,1574232999336
0,1,8D4D010AF82100020049B89C547C,1574233001074
0,1,8D4D010AEA466866653C0837D926,1574233004021
0,1,8D4D010AEA466866653C0837D926,1574233011493
0,1,8D4D010AF82100020049B89C547C,1574233016266
0,1,8D4D010AEA466866653C0837D926,1574233016433
0,1,8D4D010AE1161800000000222989,1574233017237
0,1,8D4D010AEA466866653C0837D926,1574233018921
0,1,8D4D010AF82100020049B89C547C,1574233110559
0,1,8D4D010AF82100020049B89C547C,1574233120537
0,1,8D4D010AEA466866653C0837D926,1574233123880
0,1,8D4D010AF82100020049B89C547C,1574233125349
0,1,8D4D010AEA466866653C0837D926,1574233126683
0,1,8D4D010AEA466866653C0837D926,1574233131721
0,1,8D4D010AEA466866653C0837D926,1574233158737
0,1,8D4D010AEA466866653C0837D926,1574233161266
0,1,8D4D010AEA466866653C0837D926,1574233163660
0,1,8D4D010AF82100020049B89C547C,1574233166081
0,1,8D4D010AEA466866653C0837D926,1574233166837
0,1,8D4D010AEA466866653C0837D926,1574233168617
0,1,8D4D010AF82100020049B89C547C,1574233171155
0,1,8D4D010AE1161800000000222989,1574233198569
0,1,8D4D010AEA466866653C0837D926,1574233203768
0,1,8D4D010AEA466866653C0837D926,1574233206171
0,1,8D4D010AE1161800000000222989,1574233208843
0,1,8D4D010AEA466866653C0837D926,1574233208845
0,1,8D4D010AF82100020049B89C547C,1574233210718
0,1,8D4D010AE1161800000000222989,1574233218327
0,1,8D4D010AEA466866653C0837D926,1574233218991
0,1,8D4D010AEA466866653C0837D926,1574233221374
0,1,8D4D010AEA466866653C0837D926,1574233233927
0,1,8DE49369EA466858013C0867D470,1574233374654
0,1,8DE49369EA466858013C0867D470,1574233379470
0,1,8DE49369EA466858013C0867D470,1574233381872
0,1,8DE49369EA466858013C0867D470,1574233399634
0,1,8DE49369EA466858013C0867D470,1574233401897
0,1,8DE49369EA466858013C0867D470,1574233404428
0,1,8DE49369EA466858013C0867D470,1574233421748
0,1,8DE49369EA466858013C0867D470,1574233436896
0,1,8DE49369F823000300497869F284,1574233437567
0,1,8DE49369EA466858013C0867D470,1574233446778
0,1,8DE49369E108A60000000011A8F9,1574233447179
0,1,8DE49369F823000300497869F284,1574233447712
0,1,8DE49369EA466858013C0867D470,1574233451844
0,1,8DE49369E108A60000000011A8F9,1574233456793
0,1,8DE49369EA466858013C0867D470,1574233457195
0,1,8DE49369EA466858013C0867D470,1574233471867
0,1,8DE49369F823000300497869F284,1574233472270
0,1,8DE49369EA466858013C0867D470,1574233474265
0,1,8DE49369E108A60000000011A8F9,1574233476927
0,1,8DE49369EA466858013C0867D470,1574233477326
0,1,8DE49369F823000300497869F284,1574233477481
0,1,8DE49369EA466858013C0867D470,1574233484743
0,1,8DE49369EA466858013C0867D470,1574233487016
0,1,8DE49369F823000300497869F284,1574233487282
0,1,8DE49369EA466858013C0867D470,1574233489546
0,1,8DE49369EA466858013C0867D470,1574233504565
0,1,8DE494B4F82300060049785C9EEA,1574233511089
0,1,8DE49369EA466858013C0867D470,1574233511891
0,1,8DE49369F823000300497869F284,1574233512559
0,1,8DE49369EA466858013C0867D470,1574233514569
0,1,8DE494B4EA4A5864013C08CA9166,1574233515775
0,1,8DE494B4F82300060049785C9EEA,1574233516043
0,1,8DE49369E108A60000000011A8F9,1574233527477
0,1,8DE49369F823000300497869F284,1574233527478
0,1,8DE494B4EA4A5864013C08CA9166,1574233565480
0,1,8DE494B4EA4A5864013C08CA9166,1574233575623
0,1,8DE494B4E108A300000000AFED7E,1574233577751
0,1,8DE494B4EA4A5864013C08CA9166,1574233578370
0,1,8DE494B4EA4A5864013C08CA9166,1574233580847
0,1,8DE494B4EA4A5864013C08CA9166,1574233583109
0,1,8DE494B4EA4A5864013C08CA9166,1574233585634
0,1,8DE494B4F82300060049785C9EEA,1574233585900
0,1,8DE494B4E108A300000000AFED7E,1574233586967
0,1,8DE494B4EA4A5864013C08CA9166,1574233588572
0,1,8DE494B4EA4A5864013C08CA9166,1574233593087
0,1,8DE494B4EA4A5864013C08CA9166,1574233640354
0,1,8DE49369EA466858013C0867D470,1574233836747
0,1,8DE49369E108A60000000011A8F9,1574233837548
0,1,8DE49369F823000300497869F284,1574233838078
0,1,8DE49369EA466858013C0867D470,1574233839274
0,1,8DE49369EA466858013C0867D470,1574233844200
0,1,8DE49369EA466858013C0867D470,1574233847280
0,1,8DE49369F823000300497869F284,1574233847683
0,1,8DE49369EA466858013C0867D470,1574233849556
0,1,8DE49369EA466858013C0867D470,1574233851951
0,1,8DE49369EA466858013C0867D470,1574233854623
0,1,8DE49369EA466858013C0867D470,1574233861824
0,1,8DE49369F823000300497869F284,1574233862625
0,1,8DE49369EA466858013C0867D470,1574233914178
0,1,8DE49369F823000300497869F284,1574233917908
0,1,8DE49369E108A60000000011A8F9,1574233917909
0,1,8DE49369EA466858013C0867D470,1574233919110
0,1,8DE49369EA466858013C0867D470,1574233921722
0,1,8DE49369F823000300497869F284,1574233922928
0,1,8DE49369EA466858013C0867D470,1574233926799
0,1,8DE49369F823000300497869F284,1574233928243
0,1,8DE49369E108A60000000011A8F9,1574233928377
0,1,8DE49369EA466858013C0867D470,1574233931852
0,1,8DE49369F823000300497869F284,1574233932655
0,1,8DE49369EA466858013C0867D470,1574233934262
0,1,8DE49369EA466858013C0867D470,1574233936673
0,1,8DE49369E108A60000000011A8F9,1574233937746
0,1,8DE49369EA466858013C0867D470,1574233941751
0,1,8DE49369F823000300497869F284,1574233942814
0,1,8DE49369EA466858013C0867D470,1574233944278
0,1,8DE49369EA466858013C0867D470,1574233946806
0,1,8DE49369EA466858013C0867D470,1574233949207
0,1,8DE49369EA466858013C0867D470,1574233951749
0,1,8DE494B4F82300060049785C9EEA,1574233961494
0,1,8DE494B4EA4A5864013C08CA9166,1574233987604
0,1,8DE4929CEA1D6860013C081A9F1B,1574238071978
0,1,8DE4929CE10CA600000000748475,1574238073048
0,1,8DE4929CEA1D6860013C081A9F1B,1574238076934
0,1,8DE4929CE10CA600000000748475,1574238082944
0,1,8DE4929CEA1D6860013C081A9F1B,1574238092172
0,1,8DE4929CEA1D6860013C081A9F1B,1574238094444
0,1,8DE4929CEA1D6860013C081A9F1B,1574238099375
0,1,8DE4929CF82300020049780C5301,1574238100575
0,1,8DE4929CEA1D6860013C081A9F1B,1574238102044
0,1,8DE4929CEA1D6860013C081A9F1B,1574238109526
0,1,8DE4929CF82300020049780C5301,1574238110861
0,1,8DE4929CEA1D6860013C081A9F1B,1574238114467
0,1,8DE4929CEA1D6860013C081A9F1B,1574238116874
0,1,8DE4929CEA1D6860013C081A9F1B,1574238119820
0,1,8DE4929CF82300020049780C5301,1574238120623
0,1,8DE4929CEA1D6860013C081A9F1B,1574238124492
0,1,8DE4929CEA1D6860013C081A9F1B,1574238127160
0,1,8DE4929CEA1D6860013C081A9F1B,1574238131976
0,1,8DE4929CF82300020049780C5301,1574238135586
0,1,8DE4929CEA1D6860013C081A9F1B,1574238142128
0,1,8DE4929CEA1D6860013C081A9F1B,1574238147064
0,1,8DE4929CEA1D6860013C081A9F1B,1574238149467
0,1,8DE4929CF82300020049780C5301,1574238150802
0,1,8DE4929CEA1D6860013C081A9F1B,1574238152002
0,1,8DE4929CEA1D6860013C081A9F1B,1574238156916
0,1,8DE4929CF82300020049780C5301,1574238161025
0,1,8DE4929CE10CA600000000748475,1574238163023
0,1,8DE4929CF82300020049780C5301,1574238165816
0,1,8DE4929CEA1D6860013C081A9F1B,1574238169789
0,1,8DE4929CEA1D6860013C081A9F1B,1574238172045
0,1,8DE4929CEA1D6860013C081A9F1B,1574238179788
0,1,8DE4929CF82300020049780C5301,1574238180987
0,1,8DE4929CE10CA600000000748475,1574238182452
0,1,8DE4929CEA1D6860013C081A9F1B,1574238184579
0,1,8DE4929CF82300020049780C5301,1574238190548
0,1,8DE4929CEA1D6860013C081A9F1B,1574238192151
0,1,8DE4929CE10CA600000000748475,1574238192418
0,1,8DE4929CEA1D6860013C081A9F1B,1574238194827
0,1,8DE4929CF82300020049780C5301,1574238195760
0,1,8DE4929CF82300020049780C5301,1574238205693
0,1,8DE4929CEA1D6860013C081A9F1B,1574238207297
0,1,8DE4929CF82300020049780C5301,1574238210642
0,1,8DE4929CE10CA600000000748475,1574238212908
0,1,8DE4929CEA09D860013C08B74800,1574238219824
0,1,8DE4929CF82300020049780C5301,1574238220759
0,1,8DE4929CEA09D840013C08372E5F,1574238222092
0,1,8DE4929CE10CA600000000748475,1574238222892
0,1,8DE4929CEA09D840013C08372E5F,1574238224494
0,1,8DE4929CEA09D840013C08372E5F,1574238227027
0,1,8DE4929CEA09D840013C08372E5F,1574238234481
0,1,8DE4929CF82300020049780C5301,1574238236169
0,1,8DE4929CEA09D840013C08372E5F,1574238237025
0,1,8DE4929CEA09D840013C08372E5F,1574238239426
0,1,8DE4929CF82300020049780C5301,1574238241026
0,1,8DE4929CF82300020049780C5301,1574238245957
0,1,8DE4929CEA09D840013C08372E5F,1574238249566
0,1,8DE4929CF82300020049780C5301,1574238250639
0,1,8DE4929CEA09D840013C08372E5F,1574238254788
0,1,8DE4929CF82300020049780C5301,1574238255457
0,1,8DE4929CF82300020049780C5301,1574238260530
0,1,8DE4929CE10CA600000000748475,1574238263328
0,1,8DE4929CEA09D840013C08372E5F,1574238264663
0,1,8DE4929CEA09D840013C08372E5F,1574238266934
0,1,8DE4929CE10CA600000000748475,1574238273217
0,1,8DE4929CEA09D840013C08372E5F,1574238274552
0,1,8DE4929CF82300020049780C5301,1574238280419
0,1,8DE4926AE10B9300000000F4583F,1574243546749
0,1,8DE4926AEA447860013F8893DB37,1574243574909
0,1,8DE4926AF82300020049B81D3058,1574243576244
0,1,8DE4926AF82300020049B81D3058,1574243583732
0,1,8DE4926AEA447860013F8893DB37,1574243584803
0,1,8DE4926AEA447860013F8893DB37,1574243587068
0,1,8DE4926AE10B9300000000F4583F,1574243596940
0,1,8DE4926AEA447860013F8893DB37,1574243614691
0,1,8DE4926AEA447860013F8893DB37,1574243624521
0,1,8DE4926AF82300020049B81D3058,1574243626395
0,1,8DE4926AEA447860013F8893DB37,1574243629602
0,1,8DE4926AF82300020049B81D3058,1574243641360
0,1,8DE4926AEA447860013F8893DB37,1574243642296
0,1,8DE4926AEA447860013F8893DB37,1574243669607
0,1,8DE4926AF82300020049B81D3058,1574243671342
